Effective Date,,ABC Intl Hldg,ABN AMRO,AIB,ALLIANCE BERNSTE,AmInvestment,Amundi AM,ANZ Bank,Bank NZ,Bank of China,Bank Permata,Barclays,BayernLB,BBVA,Berenberg,Bidv Securities,Bkhaus Lampe,BMO,BNP Paribas,BOC China,BOCIL,BofAML,BOQ,Brown Brothers,CA CIB,CaixaBank,Capital Econ,Capital Secs,Capitalstars,CBA Ltd,CDBS,CEBM,Centrum Capital,CGB,Changjiang Secs,Chengtong Securi,China Securities,ChinaMrchntBank,ChinaReform Sec,CIBC,CINDA SECURITIES,CITIC Secs Intl,CITIC Securities,Citigroup,CN MERCHANT,Commerzbank UK,Continuum Econ,Contributors,Credit Suisse,D n B,Daiwa Cap Mkts,Danske Bk,DBFI,DBS Bank,DekaBank,Desjardins Group,Deutsche Bank,DZ Bank,EBSCN,Edelweiss,Emirates NBD,Eurobank Hldgs,Federal Bank,Founder Fincg,Founder Secs,Generali Investments,Goldman Sachs,Handelsbanken,HC Securities,HDFC Bank,Helaba,Hiltop,HSBC Hldg,HT Securities,HTSC,Hwabao Trust,ICICI Bank,IG Markets,IHS Global,India Forex,Industrial Sec,Industril Bank,Informa Global,ING Fin Mkts,Intesa Sanpaolo,Inventure,Investec,J. Safra Sarasin,JP Morgan,Julius Baer,Jyske Bank,Kasikornbank,KBC Economics,Krung Thai Bank,LBBW,Lianxun Secs,Lloyds Bank UK,Macquarie Group,Maplecroft.Net,Maybank Inv Bnk,Minsheng Sec,Mizuho Bank Ltd,Mizuho Secs,Monex Europe,Moody's Analytics,Morgan Stanley,MUFG,NAB,Natixis,Natl Bk Canada,NatWest Markets,Nomura,NORD Landbk,Nordea,Northern Trust,Nykredit Markets,OCBC,Pantheon,Piramal,PNC Finl Svc,Postbank,Punjab Natl Bank,Rabobank,Raiffeisen Intl,RBC,RBL Bank,Refinitiv - IFR Markets,Renaissance,RGE,RMB,Samsung Futures,Saxo Bank,Schroders,Scotiabank,SCS,Shanghai Secs,Shinhan Bank,Siam Comm Bank,Sinolink Secs,Skand Ensk Bank,Societe Generale,St George Bank,Standard Bk,Standard Chartered,Swedbank AB,SWSC,TC Bank,TD,TD Securities (USA) LLC,TMB Bank,UBS,UCO Bank,Uni Credit,Union Bank PH,UOB,Vadilal Forex,VTB-Capital,Wells Fargo,Westpac,Yingda Secs,ZHESHANG SECS,ZKB
2023/3/31,1,#N/A,#N/A,#N/A,#N/A,#N/A,#N/A,#N/A,#N/A,#N/A,#N/A,#N/A,#N/A,#N/A,#N/A,#N/A,#N/A,#N/A,#N/A,#N/A,#N/A,#N/A,#N/A,#N/A,#N/A,#N/A,#N/A,#N/A,#N/A,#N/A,#N/A,#N/A,#N/A,#N/A,#N/A,#N/A,#N/A,#N/A,#N/A,#N/A,#N/A,#N/A,#N/A,#N/A,#N/A,#N/A,#N/A,#N/A,#N/A,#N/A,#N/A,#N/A,#N/A,#N/A,#N/A,#N/A,#N/A,#N/A,#N/A,#N/A,#N/A,#N/A,#N/A,#N/A,#N/A,#N/A,#N/A,#N/A,#N/A,#N/A,#N/A,#N/A,#N/A,#N/A,#N/A,#N/A,#N/A,#N/A,#N/A,#N/A,#N/A,#N/A,#N/A,#N/A,#N/A,#N/A,#N/A,#N/A,#N/A,#N/A,#N/A,#N/A,#N/A,#N/A,#N/A,#N/A,#N/A,#N/A,#N/A,#N/A,#N/A,#N/A,#N/A,#N/A,#N/A,#N/A,#N/A,#N/A,#N/A,#N/A,#N/A,#N/A,#N/A,#N/A,#N/A,#N/A,#N/A,#N/A,#N/A,#N/A,#N/A,#N/A,#N/A,#N/A,#N/A,#N/A,#N/A,#N/A,#N/A,#N/A,#N/A,#N/A,#N/A,#N/A,#N/A,#N/A,#N/A,#N/A,#N/A,#N/A,#N/A,#N/A,#N/A,#N/A,#N/A,#N/A,#N/A,#N/A,#N/A,#N/A,#N/A,#N/A,#N/A,#N/A,#N/A,#N/A,#N/A,#N/A,#N/A,#N/A,#N/A,#N/A
2023/2/28,2,#N/A,#N/A,#N/A,#N/A,#N/A,#N/A,#N/A,#N/A,#N/A,#N/A,#N/A,#N/A,#N/A,#N/A,#N/A,#N/A,#N/A,#N/A,#N/A,#N/A,#N/A,#N/A,#N/A,#N/A,#N/A,#N/A,#N/A,#N/A,#N/A,#N/A,#N/A,#N/A,#N/A,#N/A,#N/A,#N/A,#N/A,#N/A,#N/A,#N/A,#N/A,#N/A,#N/A,#N/A,#N/A,#N/A,#N/A,#N/A,#N/A,#N/A,#N/A,#N/A,#N/A,#N/A,#N/A,#N/A,#N/A,#N/A,#N/A,#N/A,#N/A,#N/A,#N/A,#N/A,#N/A,#N/A,#N/A,#N/A,#N/A,#N/A,#N/A,#N/A,#N/A,#N/A,#N/A,#N/A,#N/A,#N/A,#N/A,#N/A,#N/A,#N/A,#N/A,#N/A,#N/A,#N/A,#N/A,#N/A,#N/A,#N/A,#N/A,#N/A,#N/A,#N/A,#N/A,#N/A,#N/A,#N/A,#N/A,#N/A,#N/A,#N/A,#N/A,#N/A,#N/A,#N/A,#N/A,#N/A,#N/A,#N/A,#N/A,#N/A,#N/A,#N/A,#N/A,#N/A,#N/A,#N/A,#N/A,#N/A,#N/A,#N/A,#N/A,#N/A,#N/A,#N/A,#N/A,#N/A,#N/A,#N/A,#N/A,#N/A,#N/A,#N/A,#N/A,#N/A,#N/A,#N/A,#N/A,#N/A,#N/A,#N/A,#N/A,#N/A,#N/A,#N/A,#N/A,#N/A,#N/A,#N/A,#N/A,#N/A,#N/A,#N/A,#N/A,#N/A,#N/A,#N/A,#N/A,#N/A,#N/A
2023/1/31,3,#N/A,#N/A,#N/A,#N/A,#N/A,#N/A,#N/A,#N/A,#N/A,#N/A,#N/A,#N/A,#N/A,#N/A,#N/A,#N/A,#N/A,#N/A,#N/A,#N/A,#N/A,#N/A,#N/A,#N/A,#N/A,#N/A,#N/A,#N/A,#N/A,#N/A,#N/A,#N/A,#N/A,#N/A,#N/A,#N/A,#N/A,#N/A,#N/A,#N/A,#N/A,#N/A,#N/A,#N/A,#N/A,#N/A,#N/A,#N/A,#N/A,#N/A,#N/A,#N/A,#N/A,#N/A,#N/A,#N/A,#N/A,#N/A,#N/A,#N/A,#N/A,#N/A,#N/A,#N/A,#N/A,#N/A,#N/A,#N/A,#N/A,#N/A,#N/A,#N/A,#N/A,#N/A,#N/A,#N/A,#N/A,#N/A,#N/A,#N/A,#N/A,#N/A,#N/A,#N/A,#N/A,#N/A,#N/A,#N/A,#N/A,#N/A,#N/A,#N/A,#N/A,#N/A,#N/A,#N/A,#N/A,#N/A,#N/A,#N/A,#N/A,#N/A,#N/A,#N/A,#N/A,#N/A,#N/A,#N/A,#N/A,#N/A,#N/A,#N/A,#N/A,#N/A,#N/A,#N/A,#N/A,#N/A,#N/A,#N/A,#N/A,#N/A,#N/A,#N/A,#N/A,#N/A,#N/A,#N/A,#N/A,#N/A,#N/A,#N/A,#N/A,#N/A,#N/A,#N/A,#N/A,#N/A,#N/A,#N/A,#N/A,#N/A,#N/A,#N/A,#N/A,#N/A,#N/A,#N/A,#N/A,#N/A,#N/A,#N/A,#N/A,#N/A,#N/A,#N/A,#N/A,#N/A,#N/A,#N/A,#N/A
2022/12/30,4,#N/A,#N/A,#N/A,#N/A,#N/A,#N/A,#N/A,#N/A,#N/A,#N/A,#N/A,#N/A,#N/A,#N/A,#N/A,#N/A,#N/A,#N/A,#N/A,#N/A,#N/A,#N/A,#N/A,#N/A,#N/A,#N/A,#N/A,#N/A,#N/A,#N/A,#N/A,#N/A,#N/A,#N/A,#N/A,#N/A,#N/A,#N/A,#N/A,#N/A,#N/A,#N/A,#N/A,#N/A,#N/A,#N/A,#N/A,#N/A,#N/A,#N/A,#N/A,#N/A,#N/A,#N/A,#N/A,#N/A,#N/A,#N/A,#N/A,#N/A,#N/A,#N/A,#N/A,#N/A,#N/A,#N/A,#N/A,#N/A,#N/A,#N/A,#N/A,#N/A,#N/A,#N/A,#N/A,#N/A,#N/A,#N/A,#N/A,#N/A,#N/A,#N/A,#N/A,#N/A,#N/A,#N/A,#N/A,#N/A,#N/A,#N/A,#N/A,#N/A,#N/A,#N/A,#N/A,#N/A,#N/A,#N/A,#N/A,#N/A,#N/A,#N/A,#N/A,#N/A,#N/A,#N/A,#N/A,#N/A,#N/A,#N/A,#N/A,#N/A,#N/A,#N/A,#N/A,#N/A,#N/A,#N/A,#N/A,#N/A,#N/A,#N/A,#N/A,#N/A,#N/A,#N/A,#N/A,#N/A,#N/A,#N/A,#N/A,#N/A,#N/A,#N/A,#N/A,#N/A,#N/A,#N/A,#N/A,#N/A,#N/A,#N/A,#N/A,#N/A,#N/A,#N/A,#N/A,#N/A,#N/A,#N/A,#N/A,#N/A,#N/A,#N/A,#N/A,#N/A,#N/A,#N/A,#N/A,#N/A,#N/A
2022/11/30,5,#N/A,0.6266,0.6766,#N/A,#N/A,#N/A,0.6966,#N/A,#N/A,#N/A,0.3266,#N/A,0.7266,#N/A,#N/A,#N/A,0.4966,#N/A,#N/A,#N/A,0.4566,#N/A,#N/A,#N/A,#N/A,0.2566,#N/A,#N/A,0.9766,#N/A,#N/A,#N/A,#N/A,#N/A,#N/A,#N/A,1.0266,#N/A,#N/A,#N/A,#N/A,#N/A,0.3266,#N/A,0.5466,0.2266,#N/A,#N/A,#N/A,#N/A,0.2766,#N/A,0.4066,#N/A,0.4266,#N/A,0.4266,#N/A,#N/A,0.6266,#N/A,#N/A,#N/A,#N/A,#N/A,0.6766,#N/A,#N/A,0.3266,0.7266,#N/A,#N/A,#N/A,#N/A,0.5266,#N/A,#N/A,#N/A,#N/A,#N/A,#N/A,0.6266,#N/A,#N/A,#N/A,#N/A,#N/A,0.2966,#N/A,#N/A,#N/A,#N/A,0.5766,0.4766,#N/A,#N/A,#N/A,#N/A,0.4866,#N/A,#N/A,#N/A,0.4266,#N/A,#N/A,#N/A,0.3266,#N/A,#N/A,#N/A,#N/A,#N/A,#N/A,#N/A,#N/A,0.5866,#N/A,#N/A,#N/A,#N/A,#N/A,0.4766,#N/A,0.4266,#N/A,#N/A,#N/A,#N/A,#N/A,#N/A,#N/A,#N/A,0.6266,0.5766,0.6266,#N/A,#N/A,#N/A,0.7266,0.7566,#N/A,#N/A,0.6066,#N/A,#N/A,#N/A,#N/A,0.4466,#N/A,#N/A,#N/A,0.4466,#N/A,0.3966,#N/A,#N/A,0.5066,0.8266,#N/A,#N/A,0.4766
2022/10/31,6,#N/A,0.9215,#N/A,#N/A,#N/A,#N/A,0.8315,#N/A,#N/A,#N/A,0.9515,#N/A,0.7415,#N/A,#N/A,#N/A,0.8315,#N/A,#N/A,#N/A,0.5715,#N/A,#N/A,#N/A,#N/A,0.4015,#N/A,#N/A,0.9815,#N/A,#N/A,#N/A,#N/A,#N/A,#N/A,#N/A,#N/A,#N/A,#N/A,#N/A,#N/A,#N/A,0.8315,0.8015,0.6315,#N/A,#N/A,#N/A,#N/A,#N/A,0.8515,#N/A,0.7115,#N/A,0.6015,#N/A,1.0015,#N/A,#N/A,0.8715,#N/A,#N/A,#N/A,#N/A,#N/A,0.7515,0.8715,#N/A,0.5015,0.8015,#N/A,#N/A,#N/A,#N/A,#N/A,0.7515,#N/A,#N/A,#N/A,#N/A,#N/A,#N/A,#N/A,#N/A,#N/A,#N/A,#N/A,0.5315,0.7015,0.7115,#N/A,#N/A,0.7015,0.6615,#N/A,#N/A,#N/A,#N/A,0.5215,#N/A,#N/A,0.8015,0.5015,0.6215,0.8915,0.6815,0.8315,#N/A,0.7315,0.7215,0.6315,0.8015,#N/A,#N/A,#N/A,#N/A,#N/A,#N/A,#N/A,#N/A,#N/A,0.5515,#N/A,#N/A,#N/A,#N/A,#N/A,#N/A,#N/A,#N/A,#N/A,#N/A,#N/A,#N/A,0.9015,#N/A,#N/A,#N/A,0.9915,0.8015,#N/A,#N/A,0.6715,0.6515,#N/A,#N/A,#N/A,#N/A,#N/A,#N/A,#N/A,0.7315,#N/A,0.6315,#N/A,#N/A,0.6415,0.8815,#N/A,#N/A,0.6015
2022/9/30,7,#N/A,0.8135,#N/A,#N/A,#N/A,0.6135,0.8035,#N/A,#N/A,#N/A,0.6635,#N/A,#N/A,#N/A,#N/A,0.5135,0.7635,#N/A,#N/A,#N/A,0.6135,#N/A,#N/A,#N/A,#N/A,0.4935,#N/A,#N/A,0.8635,#N/A,#N/A,#N/A,#N/A,#N/A,#N/A,#N/A,#N/A,#N/A,0.9135,#N/A,#N/A,#N/A,0.6435,#N/A,0.4635,0.8135,#N/A,#N/A,#N/A,#N/A,0.6635,#N/A,0.5135,#N/A,0.6635,0.9135,0.8135,#N/A,#N/A,0.8135,#N/A,#N/A,#N/A,#N/A,#N/A,0.8135,0.6835,#N/A,#N/A,#N/A,#N/A,0.7135,#N/A,#N/A,#N/A,0.8135,#N/A,#N/A,#N/A,#N/A,0.6635,0.6135,0.7135,#N/A,#N/A,#N/A,#N/A,0.7635,0.7835,0.6435,#N/A,#N/A,0.7335,0.5035,#N/A,#N/A,#N/A,#N/A,0.7835,#N/A,#N/A,0.5135,0.7135,0.5035,0.6935,0.6135,0.6635,0.7135,0.7835,#N/A,0.8335,0.6635,0.6135,0.6935,#N/A,0.7735,#N/A,#N/A,#N/A,#N/A,#N/A,0.6135,#N/A,#N/A,#N/A,#N/A,#N/A,#N/A,#N/A,#N/A,#N/A,#N/A,#N/A,#N/A,0.8135,#N/A,#N/A,#N/A,0.7435,0.6135,#N/A,#N/A,0.7135,0.7135,#N/A,#N/A,#N/A,0.6835,#N/A,#N/A,#N/A,0.8135,#N/A,0.5635,#N/A,#N/A,0.7135,0.8135,#N/A,#N/A,0.6635
2022/8/31,8,#N/A,#N/A,#N/A,#N/A,#N/A,#N/A,0.559,#N/A,#N/A,#N/A,0.519,#N/A,0.589,#N/A,#N/A,#N/A,0.489,#N/A,#N/A,#N/A,0.419,#N/A,#N/A,#N/A,#N/A,0.289,#N/A,#N/A,0.639,0.459,#N/A,#N/A,#N/A,#N/A,#N/A,#N/A,0.489,#N/A,#N/A,#N/A,#N/A,#N/A,#N/A,0.589,0.259,#N/A,#N/A,#N/A,#N/A,#N/A,0.339,#N/A,0.329,#N/A,#N/A,0.469,0.389,#N/A,#N/A,0.589,#N/A,#N/A,#N/A,#N/A,#N/A,0.589,#N/A,#N/A,#N/A,0.389,#N/A,#N/A,#N/A,#N/A,0.589,0.639,#N/A,#N/A,#N/A,#N/A,0.489,0.489,#N/A,#N/A,#N/A,#N/A,#N/A,0.469,#N/A,0.569,#N/A,#N/A,0.539,0.389,#N/A,#N/A,#N/A,#N/A,0.569,#N/A,#N/A,0.389,0.489,0.289,#N/A,0.409,0.459,#N/A,#N/A,0.359,#N/A,#N/A,#N/A,#N/A,#N/A,0.519,#N/A,#N/A,#N/A,#N/A,#N/A,0.389,#N/A,#N/A,#N/A,#N/A,#N/A,#N/A,#N/A,#N/A,#N/A,#N/A,0.389,0.589,0.489,#N/A,#N/A,#N/A,0.509,#N/A,#N/A,#N/A,0.509,0.439,#N/A,#N/A,#N/A,0.459,#N/A,#N/A,#N/A,0.549,#N/A,0.409,#N/A,#N/A,0.539,0.589,#N/A,#N/A,0.439
2022/7/29,9,#N/A,#N/A,#N/A,#N/A,#N/A,0.2933,0.4033,#N/A,#N/A,#N/A,#N/A,#N/A,0.3133,#N/A,#N/A,#N/A,#N/A,#N/A,#N/A,#N/A,0.0433,#N/A,#N/A,0.2833,0.3033,0.1933,#N/A,#N/A,0.4233,#N/A,#N/A,#N/A,#N/A,#N/A,#N/A,#N/A,#N/A,#N/A,0.5133,#N/A,#N/A,#N/A,#N/A,#N/A,0.1233,#N/A,#N/A,#N/A,#N/A,#N/A,0.1933,#N/A,0.1833,#N/A,0.2933,#N/A,0.2433,#N/A,#N/A,#N/A,#N/A,#N/A,#N/A,#N/A,#N/A,0.4933,0.3033,#N/A,#N/A,0.2433,#N/A,#N/A,#N/A,#N/A,#N/A,0.3433,#N/A,#N/A,#N/A,#N/A,#N/A,0.2433,#N/A,#N/A,#N/A,#N/A,#N/A,0.3633,#N/A,0.3133,#N/A,#N/A,0.4433,#N/A,#N/A,#N/A,#N/A,#N/A,0.3833,#N/A,#N/A,#N/A,0.3233,6.5933,0.3033,0.2833,0.3233,#N/A,#N/A,#N/A,#N/A,#N/A,#N/A,#N/A,#N/A,#N/A,#N/A,#N/A,#N/A,0.2933,#N/A,0.1933,#N/A,0.3433,#N/A,#N/A,#N/A,#N/A,#N/A,#N/A,#N/A,#N/A,#N/A,#N/A,#N/A,#N/A,#N/A,#N/A,0.3633,#N/A,#N/A,#N/A,0.3733,0.2933,#N/A,#N/A,#N/A,#N/A,#N/A,#N/A,#N/A,0.3833,#N/A,0.2733,#N/A,#N/A,0.3733,0.4133,#N/A,#N/A,0.1433
2022/6/30,10,#N/A,#N/A,0.3981,#N/A,#N/A,#N/A,0.3481,#N/A,#N/A,#N/A,0.3981,#N/A,#N/A,0.1981,#N/A,#N/A,0.2981,#N/A,#N/A,#N/A,#N/A,#N/A,#N/A,#N/A,#N/A,-0.0019,#N/A,#N/A,#N/A,#N/A,#N/A,#N/A,#N/A,#N/A,#N/A,#N/A,0.1981,#N/A,0.4481,#N/A,#N/A,#N/A,0.3481,0.1981,0.0981,#N/A,#N/A,#N/A,#N/A,#N/A,0.1481,#N/A,0.1581,#N/A,#N/A,#N/A,0.1981,#N/A,#N/A,#N/A,#N/A,#N/A,#N/A,#N/A,#N/A,0.3981,0.2481,#N/A,#N/A,#N/A,#N/A,#N/A,#N/A,#N/A,0.2481,0.2481,#N/A,#N/A,#N/A,#N/A,0.1981,0.1981,0.3481,#N/A,#N/A,#N/A,#N/A,#N/A,#N/A,0.2881,#N/A,#N/A,0.3981,0.1981,#N/A,#N/A,#N/A,#N/A,0.3381,#N/A,#N/A,#N/A,0.2781,#N/A,0.2581,0.2481,#N/A,#N/A,#N/A,0.1981,#N/A,#N/A,#N/A,0.2481,#N/A,0.2881,#N/A,#N/A,-0.0519,0.0481,#N/A,#N/A,#N/A,0.3181,#N/A,#N/A,#N/A,#N/A,#N/A,#N/A,#N/A,#N/A,0.2981,#N/A,0.1981,#N/A,#N/A,#N/A,0.3181,0.2481,#N/A,#N/A,0.3481,0.2181,#N/A,#N/A,0.1981,#N/A,#N/A,#N/A,#N/A,0.3281,#N/A,0.2481,#N/A,#N/A,0.2781,0.3481,#N/A,#N/A,0.1481
2022/5/31,11,#N/A,#N/A,#N/A,#N/A,#N/A,#N/A,0.3115,#N/A,#N/A,#N/A,0.3515,#N/A,0.2815,#N/A,#N/A,#N/A,0.2515,#N/A,0.1715,#N/A,-0.0285,0.1715,#N/A,#N/A,#N/A,-0.0285,#N/A,#N/A,0.3515,0.1715,#N/A,#N/A,#N/A,#N/A,#N/A,#N/A,#N/A,#N/A,0.4015,0.0715,#N/A,#N/A,0.3215,0.4715,0.0715,#N/A,#N/A,#N/A,#N/A,#N/A,0.1215,#N/A,0.1415,#N/A,0.2215,#N/A,0.1715,#N/A,#N/A,0.3715,#N/A,#N/A,#N/A,#N/A,#N/A,0.3715,#N/A,#N/A,#N/A,0.2715,#N/A,#N/A,#N/A,#N/A,0.2715,0.2515,#N/A,#N/A,#N/A,#N/A,0.0715,0.1715,0.0715,#N/A,#N/A,#N/A,#N/A,0.3215,#N/A,-0.0585,#N/A,#N/A,0.3215,0.1915,#N/A,#N/A,#N/A,#N/A,#N/A,#N/A,#N/A,0.2715,0.2215,#N/A,#N/A,0.2215,0.2515,#N/A,#N/A,0.2915,#N/A,#N/A,#N/A,#N/A,#N/A,#N/A,#N/A,#N/A,#N/A,#N/A,#N/A,0.1215,#N/A,0.2115,#N/A,#N/A,#N/A,#N/A,0.3015,#N/A,#N/A,#N/A,#N/A,#N/A,0.1715,0.2915,#N/A,#N/A,0.3115,0.2215,#N/A,#N/A,0.1215,0.1915,#N/A,#N/A,#N/A,#N/A,#N/A,#N/A,#N/A,0.3015,#N/A,#N/A,#N/A,#N/A,0.2315,0.3215,#N/A,#N/A,0.1215
2022/4/29,12,#N/A,0.278,#N/A,#N/A,#N/A,#N/A,0.278,#N/A,#N/A,#N/A,#N/A,#N/A,0.178,0.008,#N/A,#N/A,0.158,#N/A,0.058,#N/A,0.038,#N/A,#N/A,#N/A,#N/A,-0.042,#N/A,#N/A,#N/A,0.158,#N/A,#N/A,#N/A,#N/A,#N/A,#N/A,#N/A,#N/A,0.278,0.008,#N/A,#N/A,#N/A,0.608,-0.022,#N/A,#N/A,#N/A,#N/A,#N/A,#N/A,#N/A,-0.062,#N/A,0.258,#N/A,0.108,#N/A,#N/A,0.308,#N/A,#N/A,#N/A,#N/A,#N/A,0.308,0.178,#N/A,#N/A,0.208,#N/A,#N/A,#N/A,#N/A,0.108,0.108,#N/A,#N/A,0.148,#N/A,0.128,0.038,-0.092,#N/A,#N/A,#N/A,#N/A,0.108,#N/A,0.128,#N/A,#N/A,0.258,0.158,#N/A,#N/A,#N/A,#N/A,#N/A,#N/A,#N/A,#N/A,0.128,#N/A,0.068,0.108,0.158,#N/A,#N/A,#N/A,0.278,0.008,#N/A,#N/A,#N/A,0.248,#N/A,#N/A,#N/A,#N/A,#N/A,0.058,#N/A,0.078,#N/A,#N/A,#N/A,#N/A,#N/A,#N/A,#N/A,#N/A,0.278,#N/A,0.108,#N/A,#N/A,#N/A,0.238,0.228,#N/A,#N/A,0.088,0.058,#N/A,#N/A,0.048,#N/A,#N/A,#N/A,#N/A,0.228,#N/A,0.078,#N/A,#N/A,#N/A,0.328,#N/A,#N/A,0.108
2022/3/31,13,#N/A,-0.0107,-0.0607,#N/A,#N/A,-0.2107,-0.0107,#N/A,#N/A,#N/A,-0.0107,#N/A,-0.1107,#N/A,#N/A,#N/A,-0.1107,#N/A,-0.2107,#N/A,-0.2607,#N/A,#N/A,-0.0907,#N/A,-0.4107,#N/A,#N/A,-0.1607,#N/A,#N/A,#N/A,#N/A,#N/A,#N/A,#N/A,#N/A,#N/A,-0.1607,-0.2607,#N/A,#N/A,-0.0307,0.1393,-0.2807,-0.1607,#N/A,#N/A,#N/A,#N/A,-0.1607,#N/A,-0.3607,#N/A,-0.0107,-0.2607,-0.0607,#N/A,#N/A,0.0393,#N/A,#N/A,#N/A,#N/A,#N/A,0.0393,-0.1107,#N/A,-0.3607,-0.0607,#N/A,#N/A,#N/A,#N/A,-0.1607,-0.2107,#N/A,#N/A,#N/A,#N/A,-0.3107,-0.2307,-0.4407,#N/A,#N/A,#N/A,#N/A,-0.1607,#N/A,-0.1207,#N/A,#N/A,-0.0107,-0.4907,#N/A,#N/A,#N/A,#N/A,-0.0907,#N/A,#N/A,#N/A,-0.2107,#N/A,-0.1907,-0.2107,0.1393,-0.1107,#N/A,-0.1607,#N/A,-0.2607,#N/A,-0.2307,#N/A,-0.0607,#N/A,#N/A,#N/A,-0.2607,#N/A,-0.2107,#N/A,#N/A,#N/A,#N/A,#N/A,#N/A,-0.1607,#N/A,#N/A,#N/A,#N/A,#N/A,-0.0607,#N/A,#N/A,#N/A,-0.0407,-0.3607,#N/A,#N/A,-0.1607,-0.2107,#N/A,#N/A,-0.2707,-0.0607,#N/A,#N/A,#N/A,-0.0407,#N/A,-0.2207,#N/A,-0.2607,-0.1207,0.0393,-0.1707,#N/A,-0.1607
2022/2/28,14,#N/A,-0.0916,#N/A,#N/A,#N/A,#N/A,-0.0616,#N/A,#N/A,#N/A,0.0584,#N/A,-0.1716,#N/A,#N/A,#N/A,-0.1416,#N/A,#N/A,#N/A,#N/A,#N/A,#N/A,#N/A,#N/A,-0.4416,#N/A,#N/A,-0.1916,-0.1916,#N/A,#N/A,#N/A,#N/A,#N/A,#N/A,#N/A,#N/A,#N/A,#N/A,#N/A,#N/A,#N/A,0.2084,-0.3016,#N/A,#N/A,#N/A,#N/A,#N/A,-0.2916,#N/A,-0.4216,#N/A,-0.0416,#N/A,-0.0916,#N/A,#N/A,#N/A,#N/A,#N/A,#N/A,#N/A,#N/A,0.0084,#N/A,#N/A,#N/A,#N/A,#N/A,#N/A,#N/A,#N/A,-0.2416,-0.2416,#N/A,#N/A,-0.1616,#N/A,-0.2916,-0.0916,-0.4416,#N/A,#N/A,#N/A,#N/A,-0.1916,-0.1216,-0.1616,#N/A,#N/A,0.0084,-0.4916,#N/A,#N/A,#N/A,#N/A,-0.0716,#N/A,#N/A,0.0084,-0.2416,#N/A,#N/A,-0.2416,0.1284,#N/A,-0.1616,-0.0816,#N/A,#N/A,-0.3216,#N/A,#N/A,-0.1016,#N/A,#N/A,#N/A,-0.0916,#N/A,-0.2416,#N/A,#N/A,#N/A,#N/A,#N/A,#N/A,-0.1916,#N/A,#N/A,#N/A,0.0084,#N/A,-0.1916,#N/A,#N/A,#N/A,0.1184,#N/A,#N/A,#N/A,-0.2216,-0.0616,#N/A,#N/A,#N/A,#N/A,#N/A,#N/A,#N/A,-0.0616,#N/A,-0.3216,-0.1716,#N/A,-0.1716,0.1284,-0.1916,#N/A,#N/A
2022/1/31,15,#N/A,#N/A,#N/A,#N/A,#N/A,#N/A,-0.0195,#N/A,#N/A,#N/A,0.1105,#N/A,-0.0895,#N/A,#N/A,#N/A,-0.0895,#N/A,-0.2395,#N/A,0.1005,#N/A,#N/A,#N/A,#N/A,-0.3395,#N/A,#N/A,#N/A,#N/A,#N/A,#N/A,#N/A,#N/A,#N/A,#N/A,#N/A,#N/A,0.0305,#N/A,#N/A,#N/A,0.0305,0.1605,-0.2495,#N/A,#N/A,#N/A,#N/A,#N/A,-0.2395,#N/A,-0.2195,#N/A,#N/A,-0.0195,-0.0395,#N/A,#N/A,#N/A,#N/A,#N/A,#N/A,#N/A,#N/A,0.0605,-0.1195,#N/A,#N/A,-0.0395,#N/A,#N/A,#N/A,#N/A,-0.1395,-0.1595,#N/A,#N/A,-0.0995,#N/A,-0.2695,#N/A,-0.2395,#N/A,#N/A,#N/A,#N/A,-0.0895,-0.0095,#N/A,#N/A,#N/A,-0.0395,-0.4195,#N/A,#N/A,#N/A,#N/A,0.0605,#N/A,#N/A,#N/A,-0.1895,#N/A,-0.1195,-0.1895,0.2405,#N/A,#N/A,-0.0295,#N/A,#N/A,#N/A,#N/A,#N/A,-0.0595,#N/A,#N/A,#N/A,#N/A,#N/A,-0.1895,#N/A,#N/A,#N/A,#N/A,#N/A,#N/A,#N/A,#N/A,#N/A,#N/A,0.0605,#N/A,-0.1395,#N/A,#N/A,#N/A,0.1605,-0.2695,#N/A,#N/A,-0.1895,-0.0095,#N/A,#N/A,#N/A,-0.0095,#N/A,#N/A,#N/A,-0.0195,#N/A,-0.2495,-0.2395,#N/A,-0.0995,0.1405,#N/A,#N/A,-0.0895
2021/12/31,16,#N/A,-0.0479,-0.0479,#N/A,#N/A,-0.1479,0.0521,#N/A,#N/A,#N/A,0.1021,#N/A,-0.1179,#N/A,#N/A,#N/A,-0.0979,#N/A,-0.2479,#N/A,0.1521,#N/A,#N/A,#N/A,#N/A,-0.3479,#N/A,#N/A,0.0021,#N/A,#N/A,#N/A,#N/A,#N/A,#N/A,#N/A,#N/A,#N/A,0.1521,#N/A,#N/A,#N/A,0.0421,0.1521,-0.2479,-0.1479,#N/A,#N/A,#N/A,#N/A,-0.2479,#N/A,-0.2279,#N/A,-0.0479,#N/A,-0.0479,#N/A,#N/A,0.0021,#N/A,#N/A,#N/A,#N/A,#N/A,0.0521,#N/A,#N/A,-0.2479,-0.0479,#N/A,#N/A,#N/A,#N/A,0.1021,#N/A,#N/A,#N/A,#N/A,#N/A,-0.2479,-0.3479,0.0721,#N/A,#N/A,#N/A,0.0521,-0.0979,-0.0279,-0.1479,#N/A,#N/A,0.0021,-0.3879,#N/A,#N/A,#N/A,#N/A,#N/A,#N/A,#N/A,#N/A,-0.1479,-0.3079,-0.1279,-0.0479,0.2021,-0.0179,#N/A,-0.0279,0.1021,-0.2979,-0.3979,#N/A,#N/A,#N/A,#N/A,#N/A,#N/A,0.1521,#N/A,-0.1979,#N/A,0.0021,#N/A,#N/A,#N/A,#N/A,#N/A,#N/A,#N/A,#N/A,#N/A,#N/A,-0.0479,#N/A,#N/A,#N/A,0.1521,-0.0479,#N/A,#N/A,-0.2279,-0.0179,#N/A,#N/A,#N/A,-0.0179,#N/A,#N/A,#N/A,-0.0479,#N/A,-0.0779,-0.1479,#N/A,-0.0379,0.1521,#N/A,#N/A,#N/A
2021/11/30,17,#N/A,-0.036,#N/A,#N/A,#N/A,#N/A,0.044,#N/A,#N/A,#N/A,#N/A,#N/A,-0.116,#N/A,#N/A,#N/A,#N/A,#N/A,0.014,#N/A,0.044,#N/A,#N/A,#N/A,#N/A,-0.296,#N/A,#N/A,0.014,-0.236,#N/A,-0.286,#N/A,#N/A,#N/A,#N/A,#N/A,#N/A,#N/A,#N/A,#N/A,#N/A,#N/A,0.164,-0.456,#N/A,#N/A,#N/A,#N/A,#N/A,-0.236,#N/A,-0.226,#N/A,0.064,#N/A,-0.036,#N/A,-0.286,-0.006,#N/A,#N/A,#N/A,#N/A,#N/A,0.064,#N/A,#N/A,#N/A,-0.136,#N/A,#N/A,#N/A,#N/A,0.114,#N/A,#N/A,#N/A,#N/A,#N/A,-0.086,-0.136,0.064,#N/A,#N/A,#N/A,#N/A,-0.156,-0.016,0.004,#N/A,#N/A,#N/A,#N/A,#N/A,#N/A,#N/A,#N/A,#N/A,#N/A,#N/A,0.064,0.064,#N/A,-0.136,-0.036,0.184,0.034,#N/A,#N/A,-0.066,-0.286,#N/A,#N/A,#N/A,0.044,#N/A,#N/A,#N/A,#N/A,#N/A,-0.186,#N/A,#N/A,#N/A,#N/A,#N/A,#N/A,#N/A,#N/A,0.014,#N/A,-0.036,#N/A,-0.086,#N/A,#N/A,#N/A,0.094,#N/A,#N/A,#N/A,-0.226,-0.006,#N/A,#N/A,#N/A,#N/A,#N/A,0.034,#N/A,-0.056,#N/A,0.054,#N/A,#N/A,0.024,0.134,0.264,#N/A,-0.036
2021/10/29,18,#N/A,0.005,#N/A,#N/A,#N/A,#N/A,0.065,#N/A,#N/A,#N/A,#N/A,#N/A,-0.075,#N/A,#N/A,#N/A,-0.115,#N/A,#N/A,#N/A,0.075,#N/A,#N/A,#N/A,#N/A,#N/A,#N/A,#N/A,#N/A,#N/A,#N/A,#N/A,#N/A,#N/A,#N/A,#N/A,#N/A,#N/A,#N/A,#N/A,#N/A,#N/A,0.025,#N/A,-0.395,#N/A,#N/A,#N/A,#N/A,#N/A,-0.195,#N/A,-0.225,#N/A,0.055,#N/A,0.005,#N/A,#N/A,0.025,#N/A,#N/A,#N/A,#N/A,#N/A,0.105,-0.095,#N/A,#N/A,-0.095,#N/A,#N/A,#N/A,#N/A,#N/A,#N/A,#N/A,#N/A,#N/A,#N/A,#N/A,-0.195,0.035,#N/A,#N/A,#N/A,#N/A,-0.165,0.015,0.015,#N/A,#N/A,#N/A,-0.265,#N/A,#N/A,#N/A,#N/A,0.025,#N/A,#N/A,#N/A,0.005,#N/A,0.125,0.005,0.185,0.005,#N/A,#N/A,#N/A,-0.245,#N/A,#N/A,-0.045,#N/A,#N/A,#N/A,#N/A,#N/A,#N/A,-0.145,#N/A,-0.125,#N/A,#N/A,#N/A,#N/A,-0.105,#N/A,#N/A,#N/A,0.005,#N/A,0.005,#N/A,#N/A,#N/A,0.075,-0.145,#N/A,#N/A,-0.185,-0.095,#N/A,#N/A,-0.265,#N/A,#N/A,#N/A,#N/A,-0.025,#N/A,-0.005,-0.195,#N/A,-0.025,0.135,#N/A,#N/A,-0.045
2021/9/30,19,#N/A,0.0452,#N/A,#N/A,#N/A,#N/A,0.0852,#N/A,#N/A,#N/A,0.0952,#N/A,-0.0548,-0.2048,#N/A,-0.2548,-0.0248,#N/A,-0.2348,#N/A,0.0952,#N/A,#N/A,#N/A,#N/A,-0.2048,#N/A,#N/A,#N/A,-0.1348,#N/A,#N/A,#N/A,#N/A,#N/A,#N/A,#N/A,#N/A,#N/A,#N/A,#N/A,#N/A,0.1152,#N/A,-0.3448,#N/A,#N/A,#N/A,#N/A,#N/A,#N/A,#N/A,-0.1948,#N/A,0.1452,0.1452,0.1452,#N/A,#N/A,0.1452,#N/A,#N/A,#N/A,#N/A,#N/A,0.1452,#N/A,#N/A,#N/A,#N/A,#N/A,#N/A,#N/A,#N/A,-0.0548,-0.1548,#N/A,#N/A,#N/A,#N/A,-0.1348,-0.0548,0.1952,#N/A,#N/A,#N/A,#N/A,0.0952,0.0552,0.2052,#N/A,#N/A,0.0452,-0.1948,#N/A,#N/A,#N/A,#N/A,0.0452,#N/A,#N/A,0.0452,0.0452,#N/A,0.1252,0.0452,0.1952,#N/A,#N/A,0.0752,0.1652,-0.2048,#N/A,#N/A,#N/A,#N/A,#N/A,#N/A,#N/A,#N/A,#N/A,-0.1048,#N/A,-0.0548,#N/A,#N/A,#N/A,#N/A,#N/A,#N/A,#N/A,#N/A,#N/A,-0.1548,0.0452,#N/A,#N/A,#N/A,0.0952,-0.1048,#N/A,#N/A,0.0452,-0.0548,#N/A,#N/A,-0.1548,#N/A,#N/A,#N/A,#N/A,0.0952,#N/A,-0.0548,#N/A,#N/A,-0.0548,0.1452,-0.2048,#N/A,0.0952
2021/8/31,20,#N/A,0.0604,#N/A,#N/A,#N/A,#N/A,0.0904,#N/A,#N/A,#N/A,0.1104,#N/A,-0.0396,-0.1696,#N/A,-0.2396,0.0304,#N/A,-0.0896,#N/A,0.0904,#N/A,#N/A,#N/A,#N/A,0.2604,#N/A,#N/A,#N/A,-0.1196,#N/A,#N/A,#N/A,#N/A,#N/A,#N/A,#N/A,#N/A,0.1904,#N/A,#N/A,#N/A,0.2604,0.1604,-0.2696,#N/A,#N/A,#N/A,#N/A,#N/A,0.0604,#N/A,-0.1296,#N/A,0.1604,0.1604,0.1604,#N/A,#N/A,0.0904,#N/A,#N/A,#N/A,#N/A,#N/A,0.1604,#N/A,#N/A,#N/A,-0.0396,#N/A,#N/A,#N/A,#N/A,0.2104,-0.1396,#N/A,#N/A,#N/A,#N/A,-0.0396,0.1104,0.1704,#N/A,#N/A,#N/A,#N/A,0.2104,0.0804,-0.0196,#N/A,#N/A,0.1104,-0.1396,#N/A,#N/A,#N/A,#N/A,0.1804,#N/A,#N/A,0.0604,0.1604,#N/A,-0.0396,0.0904,0.1804,0.0504,#N/A,0.0804,0.1804,-0.1396,#N/A,#N/A,#N/A,0.0304,#N/A,#N/A,#N/A,#N/A,#N/A,-0.0896,#N/A,0.1604,#N/A,#N/A,#N/A,#N/A,#N/A,#N/A,#N/A,#N/A,#N/A,-0.1396,0.0604,#N/A,#N/A,#N/A,0.1504,-0.0896,#N/A,#N/A,0.0904,0.0604,#N/A,#N/A,-0.1396,#N/A,#N/A,#N/A,#N/A,0.0904,#N/A,0.0804,-0.0596,#N/A,0.0704,0.1804,0.2004,#N/A,0.1104
2021/7/31,21,#N/A,#N/A,#N/A,#N/A,#N/A,#N/A,0.0809,#N/A,#N/A,#N/A,0.1309,#N/A,-0.0891,-0.1591,#N/A,#N/A,0.0309,#N/A,#N/A,#N/A,#N/A,#N/A,#N/A,#N/A,#N/A,0.1609,#N/A,#N/A,#N/A,-0.0391,#N/A,#N/A,#N/A,-0.0491,#N/A,#N/A,#N/A,#N/A,0.1609,#N/A,#N/A,#N/A,0.2609,0.2609,-0.1991,#N/A,#N/A,#N/A,#N/A,#N/A,0.0609,#N/A,-0.1891,#N/A,0.0609,#N/A,0.1609,#N/A,#N/A,-0.0991,#N/A,#N/A,#N/A,#N/A,#N/A,0.1609,#N/A,#N/A,#N/A,-0.1391,#N/A,#N/A,#N/A,#N/A,0.2109,#N/A,#N/A,#N/A,#N/A,#N/A,0.1109,0.1109,0.1709,#N/A,#N/A,#N/A,#N/A,0.2109,0.0709,-0.0391,#N/A,#N/A,0.1109,-0.2291,#N/A,#N/A,#N/A,#N/A,0.1409,#N/A,#N/A,0.0609,0.1609,#N/A,-0.0391,0.1209,0.1409,0.0709,#N/A,0.0109,#N/A,-0.2391,0.1809,#N/A,#N/A,0.1009,#N/A,#N/A,#N/A,0.0609,#N/A,-0.0891,#N/A,#N/A,#N/A,#N/A,0.0609,#N/A,#N/A,#N/A,#N/A,#N/A,-0.0391,#N/A,0.1609,#N/A,#N/A,#N/A,0.1209,#N/A,#N/A,#N/A,0.1309,0.0109,#N/A,#N/A,-0.1091,#N/A,#N/A,#N/A,#N/A,-0.0191,#N/A,0.0409,-0.2891,#N/A,0.0409,0.1409,#N/A,#N/A,0.1109
2021/6/30,22,#N/A,0.0566,0.1066,#N/A,#N/A,#N/A,0.0566,#N/A,#N/A,0.0366,0.1566,#N/A,-0.1934,#N/A,#N/A,#N/A,-0.0234,#N/A,#N/A,#N/A,0.0566,#N/A,#N/A,#N/A,#N/A,0.1266,#N/A,#N/A,#N/A,#N/A,#N/A,#N/A,#N/A,#N/A,#N/A,#N/A,#N/A,#N/A,0.1066,#N/A,#N/A,#N/A,0.2266,#N/A,-0.2934,#N/A,#N/A,#N/A,#N/A,#N/A,0.0066,#N/A,-0.2134,#N/A,#N/A,#N/A,-0.0434,#N/A,#N/A,-0.0434,#N/A,#N/A,#N/A,#N/A,#N/A,0.1566,#N/A,#N/A,-0.0734,-0.1434,#N/A,#N/A,#N/A,#N/A,0.2566,#N/A,#N/A,#N/A,-0.0334,#N/A,0.0166,0.1066,-0.0434,#N/A,#N/A,#N/A,#N/A,#N/A,-0.0434,-0.1234,#N/A,#N/A,0.1566,-0.2934,#N/A,#N/A,#N/A,#N/A,0.1066,#N/A,#N/A,#N/A,0.1566,#N/A,-0.0434,0.1066,0.0566,#N/A,#N/A,#N/A,#N/A,-0.3434,#N/A,#N/A,#N/A,0.0966,#N/A,#N/A,#N/A,#N/A,#N/A,-0.0934,#N/A,#N/A,#N/A,#N/A,#N/A,#N/A,#N/A,#N/A,#N/A,#N/A,0.0566,#N/A,0.1566,#N/A,#N/A,#N/A,-0.1334,-0.1934,#N/A,#N/A,0.1566,0.1566,#N/A,#N/A,-0.1934,#N/A,#N/A,#N/A,#N/A,-0.0234,#N/A,0.0066,#N/A,#N/A,-0.0034,0.1066,0.2566,#N/A,0.0066
2021/5/31,23,#N/A,#N/A,#N/A,#N/A,#N/A,-0.1812,-0.0512,#N/A,#N/A,#N/A,#N/A,#N/A,-0.2712,-0.7312,#N/A,#N/A,-0.2112,#N/A,-0.2812,#N/A,#N/A,#N/A,#N/A,#N/A,#N/A,-0.0112,#N/A,-0.1812,#N/A,#N/A,#N/A,#N/A,#N/A,#N/A,#N/A,#N/A,#N/A,#N/A,-0.0012,#N/A,#N/A,#N/A,0.0088,-0.0812,-0.3712,#N/A,#N/A,#N/A,#N/A,#N/A,-0.1312,#N/A,-0.3112,#N/A,-0.2012,#N/A,-0.1312,#N/A,#N/A,#N/A,#N/A,#N/A,#N/A,#N/A,#N/A,-0.0312,#N/A,#N/A,#N/A,-0.2312,#N/A,#N/A,#N/A,#N/A,0.0688,#N/A,#N/A,#N/A,#N/A,#N/A,0.0188,-0.4312,-0.1612,#N/A,#N/A,#N/A,#N/A,-0.0012,-0.1312,-0.2212,#N/A,#N/A,-0.0312,#N/A,#N/A,#N/A,#N/A,#N/A,#N/A,#N/A,#N/A,#N/A,0.0688,#N/A,-0.1512,0.0388,-0.0512,-0.0812,#N/A,#N/A,0.0388,-0.4312,#N/A,#N/A,-0.1312,#N/A,#N/A,-0.2312,#N/A,#N/A,#N/A,-0.1812,#N/A,-0.1312,#N/A,#N/A,#N/A,#N/A,#N/A,#N/A,#N/A,#N/A,#N/A,#N/A,-0.0312,#N/A,#N/A,#N/A,-0.2412,-0.2612,#N/A,#N/A,0.0388,-0.0812,#N/A,#N/A,-0.3112,#N/A,#N/A,#N/A,#N/A,-0.1512,#N/A,#N/A,-0.6312,#N/A,-0.1512,-0.1512,0.0688,#N/A,#N/A
2021/4/30,24,#N/A,-0.327,#N/A,#N/A,#N/A,#N/A,-0.197,#N/A,#N/A,#N/A,-0.147,#N/A,-0.327,-0.627,#N/A,#N/A,-0.217,-0.267,#N/A,#N/A,-0.347,#N/A,#N/A,#N/A,#N/A,-0.027,#N/A,-0.077,#N/A,#N/A,#N/A,#N/A,#N/A,#N/A,#N/A,#N/A,#N/A,#N/A,-0.007,#N/A,#N/A,#N/A,-0.167,#N/A,-0.497,#N/A,#N/A,#N/A,#N/A,#N/A,-0.227,#N/A,-0.447,#N/A,-0.277,#N/A,-0.327,#N/A,#N/A,#N/A,#N/A,#N/A,#N/A,#N/A,#N/A,-0.127,#N/A,#N/A,#N/A,-0.327,#N/A,#N/A,#N/A,#N/A,-0.077,#N/A,#N/A,#N/A,-0.477,#N/A,-0.027,-0.227,#N/A,#N/A,#N/A,#N/A,#N/A,-0.307,#N/A,-0.127,#N/A,#N/A,#N/A,-0.657,#N/A,#N/A,#N/A,#N/A,-0.057,#N/A,#N/A,#N/A,#N/A,#N/A,-0.257,#N/A,-0.327,#N/A,#N/A,#N/A,#N/A,#N/A,#N/A,#N/A,#N/A,#N/A,-0.177,-0.127,#N/A,#N/A,#N/A,-0.827,-0.207,-0.027,#N/A,#N/A,#N/A,#N/A,#N/A,#N/A,#N/A,#N/A,-0.127,#N/A,0.073,#N/A,#N/A,#N/A,-0.297,-0.467,#N/A,#N/A,-0.647,#N/A,#N/A,#N/A,-0.327,#N/A,#N/A,#N/A,#N/A,-0.307,#N/A,-0.157,-0.477,#N/A,-0.197,-0.157,#N/A,#N/A,-0.127
2021/3/31,25,#N/A,-0.4482,-0.1982,#N/A,#N/A,#N/A,-0.1282,#N/A,#N/A,#N/A,-0.0482,#N/A,-0.4082,-0.5482,#N/A,#N/A,#N/A,#N/A,-0.2482,#N/A,-0.2982,#N/A,#N/A,#N/A,#N/A,0.0518,#N/A,#N/A,#N/A,#N/A,-0.1482,#N/A,#N/A,-0.2482,#N/A,#N/A,#N/A,#N/A,-0.1982,#N/A,#N/A,#N/A,-0.2082,#N/A,-0.4082,#N/A,#N/A,#N/A,#N/A,#N/A,#N/A,#N/A,-0.3782,#N/A,-0.3482,-0.1982,-0.5482,#N/A,#N/A,-0.4482,#N/A,#N/A,#N/A,#N/A,-0.1482,-0.0482,#N/A,#N/A,#N/A,-0.2482,#N/A,#N/A,#N/A,#N/A,-0.0482,#N/A,#N/A,#N/A,-0.5482,#N/A,-0.2482,-0.1482,-0.1082,#N/A,#N/A,#N/A,#N/A,-0.2482,-0.1882,-0.2082,#N/A,-0.1982,#N/A,-0.5882,#N/A,#N/A,#N/A,#N/A,-0.1982,#N/A,#N/A,#N/A,-0.1482,#N/A,-0.5482,-0.2482,-0.3982,-0.2482,#N/A,-0.1382,-0.0982,#N/A,#N/A,#N/A,-0.0482,#N/A,-0.1982,#N/A,#N/A,-0.2482,#N/A,-0.7482,-0.1482,-0.1482,#N/A,#N/A,#N/A,#N/A,#N/A,#N/A,#N/A,#N/A,-0.4482,#N/A,0.0518,#N/A,#N/A,#N/A,-0.2982,-0.3782,#N/A,#N/A,-0.5482,-0.3782,#N/A,#N/A,-0.3482,#N/A,#N/A,#N/A,#N/A,-0.2482,#N/A,-0.0982,-0.3682,#N/A,-0.1182,-0.1982,-0.0482,#N/A,-0.0482
2021/2/26,26,#N/A,-0.527,-0.227,#N/A,#N/A,#N/A,-0.357,#N/A,#N/A,#N/A,-0.677,#N/A,-0.487,-0.627,#N/A,#N/A,-0.427,#N/A,-0.277,#N/A,-0.397,#N/A,#N/A,#N/A,#N/A,-0.697,#N/A,#N/A,#N/A,-0.427,#N/A,#N/A,#N/A,#N/A,#N/A,#N/A,#N/A,#N/A,-0.377,#N/A,#N/A,#N/A,-0.447,-0.127,-0.547,#N/A,#N/A,#N/A,#N/A,#N/A,-0.577,#N/A,-0.467,#N/A,-0.477,#N/A,-0.627,#N/A,#N/A,#N/A,#N/A,#N/A,#N/A,#N/A,#N/A,-0.427,-0.527,#N/A,-0.327,-0.327,#N/A,#N/A,#N/A,#N/A,-0.227,-0.247,#N/A,#N/A,#N/A,#N/A,-0.427,-0.227,-0.197,#N/A,#N/A,#N/A,#N/A,-0.397,-0.427,-0.287,#N/A,#N/A,-0.277,-0.647,-0.227,#N/A,#N/A,#N/A,-0.427,#N/A,#N/A,#N/A,-0.427,#N/A,-0.627,-0.327,-0.397,-0.427,#N/A,#N/A,-0.597,#N/A,-0.487,#N/A,#N/A,-0.387,-0.377,#N/A,#N/A,-0.327,#N/A,-0.827,-0.257,-0.417,#N/A,#N/A,#N/A,#N/A,#N/A,#N/A,#N/A,#N/A,-0.527,#N/A,-0.127,#N/A,#N/A,#N/A,-0.547,-0.757,#N/A,#N/A,-0.597,-0.537,#N/A,#N/A,-0.457,#N/A,#N/A,#N/A,#N/A,-0.547,#N/A,-0.287,-0.427,#N/A,-0.427,-0.347,#N/A,#N/A,-0.427
2021/1/29,27,#N/A,#N/A,-0.425,#N/A,#N/A,#N/A,-0.555,#N/A,#N/A,#N/A,#N/A,#N/A,-0.565,#N/A,#N/A,#N/A,-0.615,#N/A,-0.525,#N/A,-0.455,#N/A,#N/A,#N/A,-0.575,-0.755,#N/A,#N/A,#N/A,-0.535,#N/A,#N/A,#N/A,-0.575,#N/A,#N/A,#N/A,#N/A,-0.515,#N/A,#N/A,#N/A,-0.495,#N/A,-0.685,#N/A,#N/A,#N/A,#N/A,#N/A,#N/A,#N/A,-0.625,#N/A,-0.675,#N/A,-0.675,#N/A,#N/A,#N/A,#N/A,#N/A,#N/A,#N/A,#N/A,-0.475,#N/A,#N/A,#N/A,-0.375,#N/A,#N/A,#N/A,#N/A,-0.475,#N/A,#N/A,#N/A,-0.575,#N/A,-0.475,-0.525,-0.545,#N/A,#N/A,#N/A,#N/A,-0.595,-0.655,-0.335,-0.625,#N/A,-0.475,-0.675,#N/A,#N/A,#N/A,#N/A,-0.555,#N/A,#N/A,-0.475,-0.555,#N/A,-0.675,-0.625,-0.475,#N/A,#N/A,-0.585,-0.775,#N/A,-0.675,#N/A,#N/A,-0.595,#N/A,#N/A,#N/A,#N/A,#N/A,-0.875,-0.345,#N/A,#N/A,#N/A,#N/A,#N/A,#N/A,#N/A,#N/A,#N/A,-0.575,#N/A,-0.275,#N/A,#N/A,#N/A,-0.595,-0.845,#N/A,#N/A,-0.625,#N/A,#N/A,#N/A,-0.475,#N/A,#N/A,#N/A,#N/A,-0.605,#N/A,-0.655,-0.585,#N/A,-0.555,-0.455,-0.275,#N/A,-0.475
2020/12/31,28,#N/A,-0.675,-0.475,#N/A,#N/A,#N/A,-0.475,#N/A,#N/A,-0.525,-0.625,-0.575,-0.475,#N/A,#N/A,#N/A,#N/A,#N/A,#N/A,#N/A,-0.425,#N/A,#N/A,#N/A,#N/A,-0.675,#N/A,#N/A,#N/A,-0.525,#N/A,#N/A,#N/A,-0.475,#N/A,#N/A,#N/A,#N/A,-0.495,#N/A,#N/A,#N/A,-0.415,#N/A,-0.575,-0.275,#N/A,#N/A,#N/A,#N/A,#N/A,#N/A,-0.535,#N/A,-0.575,#N/A,-0.725,#N/A,#N/A,-0.675,#N/A,#N/A,#N/A,#N/A,#N/A,-0.625,#N/A,#N/A,#N/A,-0.275,#N/A,#N/A,#N/A,#N/A,-0.525,#N/A,#N/A,#N/A,-0.575,#N/A,-0.475,#N/A,-0.525,#N/A,#N/A,#N/A,#N/A,-0.575,-0.615,-0.235,#N/A,#N/A,-0.425,-0.485,#N/A,#N/A,#N/A,#N/A,-0.475,#N/A,#N/A,#N/A,-0.455,#N/A,-0.575,#N/A,-0.525,#N/A,#N/A,-0.495,#N/A,#N/A,-0.575,#N/A,#N/A,#N/A,#N/A,#N/A,#N/A,#N/A,#N/A,-0.775,-0.275,#N/A,#N/A,#N/A,#N/A,#N/A,#N/A,#N/A,#N/A,#N/A,#N/A,#N/A,-0.375,-0.575,#N/A,#N/A,-0.735,-0.775,-0.375,#N/A,-0.495,#N/A,#N/A,#N/A,-0.475,#N/A,#N/A,#N/A,#N/A,-0.525,#N/A,-0.625,-0.775,#N/A,-0.495,-0.375,#N/A,#N/A,-0.575
2020/11/30,29,#N/A,-0.624,-0.424,#N/A,#N/A,-0.574,-0.594,#N/A,#N/A,#N/A,#N/A,-0.524,-0.444,#N/A,#N/A,#N/A,-0.494,#N/A,-0.544,#N/A,-0.424,#N/A,#N/A,#N/A,#N/A,-0.614,-0.324,#N/A,#N/A,#N/A,#N/A,#N/A,#N/A,#N/A,#N/A,#N/A,#N/A,#N/A,-0.464,#N/A,#N/A,#N/A,-0.384,-0.374,-0.514,#N/A,#N/A,#N/A,#N/A,#N/A,-0.574,#N/A,-0.494,#N/A,-0.524,#N/A,-0.674,#N/A,#N/A,#N/A,#N/A,#N/A,#N/A,#N/A,#N/A,-0.574,#N/A,#N/A,-0.424,-0.254,#N/A,#N/A,#N/A,#N/A,-0.474,#N/A,#N/A,#N/A,#N/A,#N/A,-0.324,-0.324,-0.474,-0.594,#N/A,-0.484,#N/A,-0.594,-0.594,#N/A,#N/A,#N/A,-0.524,-0.414,#N/A,#N/A,#N/A,#N/A,-0.664,#N/A,#N/A,#N/A,#N/A,#N/A,#N/A,-0.604,-0.294,-0.574,-0.454,#N/A,-0.594,#N/A,-0.544,#N/A,-0.474,-0.494,-0.574,#N/A,#N/A,-0.494,#N/A,-0.724,#N/A,#N/A,#N/A,#N/A,#N/A,#N/A,#N/A,#N/A,#N/A,#N/A,#N/A,#N/A,-0.324,#N/A,-0.424,#N/A,-0.614,-0.654,#N/A,#N/A,-0.444,#N/A,#N/A,#N/A,-0.594,#N/A,#N/A,#N/A,#N/A,-0.374,#N/A,-0.594,-0.594,#N/A,-0.454,-0.294,#N/A,#N/A,-0.424
2020/10/30,30,#N/A,#N/A,#N/A,#N/A,#N/A,-0.4581,-0.4881,#N/A,#N/A,#N/A,#N/A,-0.3581,-0.3381,#N/A,#N/A,#N/A,-0.3081,#N/A,-0.3981,#N/A,-0.3581,#N/A,#N/A,#N/A,#N/A,#N/A,#N/A,#N/A,#N/A,-0.3881,#N/A,#N/A,#N/A,#N/A,#N/A,#N/A,#N/A,#N/A,-0.2581,#N/A,#N/A,#N/A,-0.2381,#N/A,-0.3881,#N/A,#N/A,#N/A,#N/A,#N/A,#N/A,#N/A,-0.2881,#N/A,-0.3581,#N/A,-0.5581,#N/A,#N/A,#N/A,#N/A,#N/A,#N/A,#N/A,#N/A,-0.3581,-0.2781,#N/A,#N/A,-0.2081,#N/A,#N/A,#N/A,#N/A,-0.4081,#N/A,#N/A,#N/A,-0.5081,#N/A,-0.2081,-0.2081,-0.2881,#N/A,#N/A,-0.2081,#N/A,-0.3081,-0.3081,-0.0781,#N/A,#N/A,-0.2081,-0.3081,#N/A,#N/A,#N/A,#N/A,-0.3381,#N/A,#N/A,#N/A,-0.2081,#N/A,#N/A,-0.3181,-0.1781,-0.4881,-0.3281,#N/A,-0.4781,-0.3081,#N/A,#N/A,#N/A,-0.3281,#N/A,#N/A,#N/A,-0.3481,#N/A,-0.6081,-0.1081,#N/A,#N/A,#N/A,#N/A,#N/A,#N/A,#N/A,#N/A,#N/A,-0.2081,#N/A,#N/A,#N/A,-0.3081,#N/A,-0.4981,-0.2881,#N/A,#N/A,-0.3181,#N/A,#N/A,#N/A,#N/A,#N/A,#N/A,#N/A,#N/A,-0.2781,#N/A,-0.4381,-0.3981,#N/A,-0.3481,-0.1881,#N/A,#N/A,-0.3081
2020/9/30,31,#N/A,-0.3604,#N/A,#N/A,#N/A,#N/A,-0.4104,#N/A,#N/A,-0.4604,-0.4104,-0.2104,-0.2504,#N/A,#N/A,#N/A,-0.1904,#N/A,-0.2804,#N/A,-0.3104,#N/A,#N/A,#N/A,#N/A,#N/A,-0.2304,#N/A,#N/A,-0.2204,#N/A,#N/A,#N/A,#N/A,#N/A,#N/A,#N/A,#N/A,#N/A,#N/A,#N/A,#N/A,#N/A,0.1396,-0.2804,#N/A,#N/A,#N/A,#N/A,#N/A,-0.3104,#N/A,-0.2104,#N/A,-0.1604,#N/A,-0.4604,#N/A,#N/A,#N/A,#N/A,#N/A,#N/A,#N/A,#N/A,-0.2604,#N/A,#N/A,#N/A,-0.1104,#N/A,#N/A,#N/A,#N/A,-0.2104,#N/A,#N/A,#N/A,-0.2604,#N/A,-0.1104,-0.1104,-0.2104,#N/A,#N/A,#N/A,#N/A,-0.2104,-0.2104,#N/A,#N/A,#N/A,#N/A,-0.2004,#N/A,#N/A,#N/A,#N/A,#N/A,#N/A,#N/A,#N/A,#N/A,#N/A,#N/A,-0.2604,#N/A,-0.3904,-0.3804,#N/A,#N/A,#N/A,#N/A,#N/A,-0.1104,#N/A,#N/A,#N/A,#N/A,-0.2504,#N/A,-0.8104,0.0396,#N/A,#N/A,#N/A,#N/A,#N/A,#N/A,#N/A,#N/A,#N/A,-0.0104,#N/A,-0.1104,#N/A,#N/A,#N/A,-0.4104,-0.1604,#N/A,#N/A,-0.2204,#N/A,#N/A,#N/A,#N/A,#N/A,#N/A,#N/A,#N/A,-0.1604,#N/A,-0.4604,-0.2704,#N/A,-0.1904,-0.0604,#N/A,#N/A,-0.1104
2020/8/31,32,#N/A,#N/A,#N/A,#N/A,#N/A,#N/A,-0.2626,#N/A,#N/A,#N/A,-0.2526,#N/A,-0.0826,#N/A,#N/A,#N/A,-0.1326,#N/A,-0.1526,#N/A,-0.1926,#N/A,#N/A,#N/A,#N/A,-0.3026,-0.0526,#N/A,#N/A,-0.1726,#N/A,#N/A,#N/A,#N/A,#N/A,#N/A,#N/A,#N/A,0.0274,#N/A,#N/A,#N/A,#N/A,#N/A,-0.3426,#N/A,#N/A,#N/A,#N/A,#N/A,#N/A,#N/A,-0.2326,#N/A,-0.0526,#N/A,-0.3526,#N/A,#N/A,#N/A,#N/A,#N/A,#N/A,#N/A,#N/A,-0.1526,#N/A,#N/A,#N/A,#N/A,#N/A,#N/A,#N/A,#N/A,0.1474,#N/A,#N/A,#N/A,-0.2026,#N/A,-0.3026,-0.0526,-0.1526,#N/A,#N/A,#N/A,#N/A,-0.1026,-0.1726,0.0474,#N/A,#N/A,#N/A,#N/A,#N/A,#N/A,#N/A,#N/A,-0.1926,#N/A,#N/A,#N/A,0.0474,#N/A,#N/A,-0.1826,#N/A,#N/A,-0.2626,-0.1226,#N/A,#N/A,#N/A,#N/A,#N/A,-0.0626,#N/A,#N/A,#N/A,-0.2126,#N/A,-0.4526,0.0774,#N/A,#N/A,#N/A,#N/A,#N/A,#N/A,#N/A,#N/A,#N/A,0.1474,#N/A,0.0474,#N/A,#N/A,#N/A,-0.2526,-0.2726,#N/A,#N/A,-0.1126,-0.2026,#N/A,#N/A,#N/A,#N/A,#N/A,#N/A,#N/A,-0.1226,#N/A,#N/A,-0.0526,#N/A,-0.0926,#N/A,#N/A,#N/A,-0.2526
2020/7/31,33,#N/A,#N/A,#N/A,#N/A,#N/A,#N/A,-0.1256,#N/A,#N/A,#N/A,#N/A,-0.0256,0.0344,#N/A,#N/A,#N/A,#N/A,0.0044,0.0744,#N/A,#N/A,#N/A,#N/A,#N/A,#N/A,-0.1256,0.1244,#N/A,#N/A,#N/A,#N/A,#N/A,#N/A,-0.0256,0.1044,#N/A,#N/A,#N/A,0.2744,#N/A,#N/A,#N/A,-0.0156,#N/A,-0.2056,#N/A,#N/A,#N/A,0.0244,#N/A,#N/A,#N/A,-0.1556,0.0244,0.1244,#N/A,-0.2256,#N/A,#N/A,#N/A,#N/A,#N/A,#N/A,#N/A,#N/A,0.0744,#N/A,#N/A,#N/A,0.0744,#N/A,#N/A,#N/A,#N/A,#N/A,#N/A,#N/A,#N/A,#N/A,0.1744,-0.0756,0.1744,-0.0256,#N/A,#N/A,#N/A,#N/A,0.0244,-0.0456,0.1944,#N/A,#N/A,#N/A,0.0344,0.3244,#N/A,#N/A,#N/A,-0.0656,#N/A,#N/A,#N/A,0.1744,#N/A,0.1644,#N/A,0.0044,-0.0956,0.1744,0.0144,#N/A,0.0244,#N/A,#N/A,#N/A,#N/A,#N/A,#N/A,-0.1256,#N/A,#N/A,-0.3256,0.1944,#N/A,#N/A,#N/A,#N/A,#N/A,#N/A,#N/A,#N/A,#N/A,#N/A,#N/A,0.1744,#N/A,#N/A,#N/A,-0.0956,#N/A,#N/A,#N/A,0.0644,#N/A,0.1244,#N/A,#N/A,#N/A,#N/A,#N/A,#N/A,0.0044,#N/A,-0.0556,#N/A,#N/A,#N/A,0.0944,#N/A,#N/A,-0.1256
2020/6/30,34,#N/A,-0.0849,#N/A,#N/A,#N/A,#N/A,-0.0349,#N/A,#N/A,#N/A,-0.0349,0.0151,0.1151,#N/A,#N/A,#N/A,#N/A,#N/A,0.1651,#N/A,0.1651,#N/A,#N/A,-0.0849,#N/A,-0.3349,#N/A,#N/A,#N/A,0.0151,#N/A,#N/A,#N/A,0.1651,#N/A,0.1651,#N/A,#N/A,0.0651,#N/A,#N/A,#N/A,0.0951,0.1951,-0.1049,-0.3349,#N/A,#N/A,#N/A,#N/A,0.1651,#N/A,-0.0849,#N/A,0.2151,0.2651,-0.1849,#N/A,#N/A,#N/A,#N/A,#N/A,#N/A,0.1651,0.1651,0.1651,#N/A,#N/A,0.1651,0.1651,#N/A,#N/A,#N/A,#N/A,0.2651,#N/A,#N/A,#N/A,-0.0849,#N/A,-0.0849,0.1651,0.0651,#N/A,#N/A,#N/A,#N/A,0.0651,-0.0449,-0.4349,-0.0649,#N/A,#N/A,#N/A,#N/A,#N/A,#N/A,#N/A,#N/A,#N/A,0.1051,0.1651,0.1651,#N/A,0.2651,-0.0749,0.0651,-0.0049,0.2651,#N/A,0.0651,0.0651,-0.0849,0.1651,0.1151,0.1951,#N/A,#N/A,#N/A,0.0051,#N/A,-0.2349,#N/A,#N/A,#N/A,#N/A,#N/A,#N/A,#N/A,#N/A,-0.0349,#N/A,0.2651,#N/A,0.3651,#N/A,#N/A,#N/A,-0.0249,#N/A,#N/A,#N/A,0.2051,#N/A,0.0651,#N/A,#N/A,#N/A,#N/A,#N/A,#N/A,0.0651,#N/A,-0.1349,0.0651,#N/A,0.1351,0.0151,#N/A,#N/A,-0.0349
2020/5/29,35,#N/A,-0.0152,0.2348,#N/A,#N/A,#N/A,0.0448,#N/A,#N/A,#N/A,0.0748,0.0848,0.1648,#N/A,#N/A,#N/A,#N/A,0.2048,0.1248,#N/A,0.2148,#N/A,#N/A,#N/A,#N/A,-0.0652,0.0348,#N/A,#N/A,0.0448,#N/A,#N/A,#N/A,#N/A,#N/A,0.0848,#N/A,#N/A,-0.0652,#N/A,#N/A,#N/A,0.0648,0.2848,#N/A,#N/A,#N/A,#N/A,-0.0652,#N/A,0.2348,#N/A,0.0148,-0.0652,-0.0652,#N/A,-0.1152,#N/A,0.1848,#N/A,#N/A,#N/A,#N/A,#N/A,0.2348,0.2348,#N/A,#N/A,0.1348,0.2348,#N/A,#N/A,#N/A,#N/A,0.2348,#N/A,#N/A,#N/A,-0.0152,#N/A,-0.2152,0.2348,0.1348,#N/A,#N/A,#N/A,#N/A,0.1448,0.0048,-0.3152,0.0048,#N/A,#N/A,#N/A,#N/A,#N/A,#N/A,#N/A,0.0748,#N/A,0.1148,0.2348,0.2348,#N/A,0.3148,0.0148,0.1148,0.0648,0.3148,#N/A,-0.1252,0.1348,-0.0152,#N/A,0.0848,0.1148,#N/A,#N/A,-0.0152,0.0648,#N/A,-0.3152,#N/A,#N/A,#N/A,#N/A,#N/A,#N/A,#N/A,#N/A,#N/A,#N/A,#N/A,#N/A,0.3348,#N/A,#N/A,#N/A,-0.0552,-0.0152,#N/A,#N/A,-0.1752,-0.0852,#N/A,#N/A,-0.0152,#N/A,#N/A,#N/A,-0.0452,0.1248,#N/A,-0.1452,0.0348,#N/A,-0.0252,0.0648,#N/A,#N/A,0.0348
2020/4/30,36,#N/A,-0.24,#N/A,#N/A,#N/A,#N/A,-0.19,#N/A,#N/A,#N/A,-0.27,0.01,-0.04,#N/A,#N/A,#N/A,#N/A,#N/A,0.11,#N/A,-0.47,#N/A,#N/A,#N/A,#N/A,-0.3,0.06,#N/A,#N/A,-0.04,#N/A,#N/A,#N/A,#N/A,#N/A,#N/A,#N/A,#N/A,-0.14,#N/A,#N/A,#N/A,-0.23,#N/A,-0.16,#N/A,#N/A,#N/A,#N/A,#N/A,0.01,#N/A,-0.07,#N/A,-0.14,#N/A,-0.19,#N/A,#N/A,#N/A,#N/A,#N/A,#N/A,#N/A,#N/A,-0.14,#N/A,#N/A,0.11,0.06,#N/A,#N/A,#N/A,#N/A,0.16,#N/A,#N/A,#N/A,-0.09,#N/A,-0.29,0.16,0.06,#N/A,#N/A,#N/A,#N/A,-0.01,-0.16,-0.41,#N/A,#N/A,#N/A,0.1,#N/A,#N/A,#N/A,#N/A,-0.01,#N/A,#N/A,#N/A,#N/A,#N/A,-0.19,-0.03,-0.31,0.01,0.23,#N/A,-0.16,0.01,-0.2,#N/A,-0.09,0.07,#N/A,#N/A,#N/A,#N/A,#N/A,-0.39,0.16,#N/A,#N/A,#N/A,#N/A,#N/A,#N/A,#N/A,#N/A,#N/A,0.26,#N/A,0.36,0.01,#N/A,#N/A,-0.14,#N/A,#N/A,#N/A,-0.24,-0.23,#N/A,#N/A,-0.09,#N/A,#N/A,#N/A,#N/A,-0.01,#N/A,-0.21,-0.04,#N/A,-0.14,-0.11,#N/A,#N/A,-0.04
2020/3/31,37,#N/A,-0.2192,-0.0192,#N/A,#N/A,#N/A,-0.1592,#N/A,#N/A,#N/A,-0.2192,0.0308,-0.0392,#N/A,#N/A,#N/A,-0.1992,#N/A,-0.0192,#N/A,-0.4192,#N/A,#N/A,#N/A,#N/A,-0.3192,-0.1192,#N/A,-0.0692,-0.0792,#N/A,#N/A,#N/A,0.0808,#N/A,-0.0192,#N/A,#N/A,-0.1192,#N/A,#N/A,#N/A,-0.2092,0.0308,-0.1192,-0.2192,#N/A,#N/A,-0.0192,#N/A,-0.1192,#N/A,-0.0692,#N/A,-0.2192,#N/A,-0.1692,#N/A,#N/A,-0.1192,#N/A,#N/A,#N/A,#N/A,-0.1192,-0.1192,#N/A,#N/A,#N/A,#N/A,#N/A,#N/A,#N/A,#N/A,#N/A,#N/A,#N/A,#N/A,#N/A,#N/A,-0.3192,0.1808,-0.1492,#N/A,#N/A,#N/A,#N/A,-0.2692,-0.1792,#N/A,#N/A,#N/A,0.2208,0.1108,#N/A,#N/A,#N/A,#N/A,-0.0992,-0.0192,#N/A,#N/A,0.2308,#N/A,-0.1792,-0.1392,-0.3192,-0.2192,0.2308,#N/A,-0.2192,-0.0192,-0.1692,#N/A,-0.0692,-0.0692,#N/A,#N/A,#N/A,#N/A,#N/A,-0.3692,#N/A,#N/A,#N/A,#N/A,#N/A,#N/A,#N/A,#N/A,#N/A,#N/A,0.2808,#N/A,0.2808,#N/A,#N/A,#N/A,-0.1092,#N/A,-0.2192,#N/A,-0.1992,-0.2092,#N/A,#N/A,-0.0692,#N/A,#N/A,-0.1492,#N/A,0.0008,#N/A,#N/A,-0.2192,#N/A,-0.0792,#N/A,#N/A,#N/A,-0.1192
2020/2/28,38,#N/A,-0.3094,#N/A,#N/A,#N/A,#N/A,-0.2394,#N/A,#N/A,#N/A,-0.2394,-0.0594,-0.1394,#N/A,#N/A,#N/A,-0.1994,#N/A,-0.3094,#N/A,-0.3094,#N/A,#N/A,#N/A,#N/A,-0.3094,-0.3094,#N/A,#N/A,-0.1594,#N/A,#N/A,#N/A,#N/A,#N/A,-0.2094,#N/A,#N/A,-0.1594,#N/A,#N/A,#N/A,-0.2894,-0.1094,-0.2094,#N/A,#N/A,#N/A,-0.1094,#N/A,-0.2094,#N/A,-0.1794,#N/A,-0.0094,#N/A,-0.2594,#N/A,-0.1594,#N/A,#N/A,#N/A,#N/A,#N/A,#N/A,-0.0594,-0.2794,#N/A,-0.0094,-0.0094,#N/A,#N/A,#N/A,#N/A,#N/A,#N/A,#N/A,#N/A,-0.0094,#N/A,-0.2094,0.0906,-0.2394,#N/A,#N/A,#N/A,#N/A,-0.3594,-0.1694,-0.1394,#N/A,#N/A,0.1406,0.0106,#N/A,#N/A,#N/A,#N/A,-0.1994,#N/A,#N/A,#N/A,0.1906,#N/A,-0.2794,-0.1994,-0.4094,-0.3594,0.0606,#N/A,-0.3294,#N/A,-0.2494,#N/A,#N/A,-0.1694,#N/A,#N/A,#N/A,#N/A,#N/A,-0.4594,0.0606,#N/A,#N/A,#N/A,#N/A,#N/A,#N/A,#N/A,-0.4094,#N/A,0.1906,#N/A,-0.1094,#N/A,#N/A,#N/A,#N/A,-0.4894,-0.2094,#N/A,-0.2694,-0.2994,#N/A,#N/A,-0.1594,#N/A,#N/A,#N/A,#N/A,0.1606,#N/A,#N/A,-0.2094,#N/A,-0.1494,#N/A,#N/A,#N/A,-0.1094
2020/1/31,39,#N/A,#N/A,#N/A,#N/A,#N/A,#N/A,#N/A,#N/A,#N/A,#N/A,#N/A,#N/A,-0.2136,#N/A,#N/A,#N/A,#N/A,#N/A,-0.1636,#N/A,-0.3636,#N/A,#N/A,#N/A,#N/A,-0.3836,-0.1636,#N/A,#N/A,-0.1436,#N/A,#N/A,#N/A,#N/A,#N/A,-0.1136,#N/A,#N/A,#N/A,#N/A,#N/A,#N/A,#N/A,0.2164,-0.2336,#N/A,#N/A,#N/A,#N/A,#N/A,-0.2636,#N/A,0.0064,#N/A,#N/A,#N/A,#N/A,#N/A,#N/A,#N/A,#N/A,#N/A,#N/A,#N/A,#N/A,#N/A,#N/A,#N/A,#N/A,0.1364,#N/A,#N/A,#N/A,#N/A,-0.0636,#N/A,#N/A,#N/A,-0.3636,#N/A,-0.3636,#N/A,-0.1636,#N/A,#N/A,#N/A,#N/A,-0.4136,-0.1736,#N/A,#N/A,#N/A,#N/A,#N/A,#N/A,#N/A,-0.0136,#N/A,#N/A,#N/A,#N/A,-0.1636,0.0864,#N/A,#N/A,-0.2336,-0.4636,#N/A,#N/A,#N/A,#N/A,#N/A,#N/A,#N/A,#N/A,0.0764,#N/A,#N/A,#N/A,#N/A,#N/A,-0.5136,#N/A,#N/A,-0.3236,#N/A,#N/A,#N/A,#N/A,#N/A,#N/A,#N/A,0.1364,#N/A,0.2364,#N/A,#N/A,#N/A,#N/A,#N/A,#N/A,#N/A,#N/A,#N/A,#N/A,#N/A,#N/A,#N/A,#N/A,#N/A,#N/A,0.0964,#N/A,#N/A,-0.1136,#N/A,-0.2036,-0.2636,#N/A,#N/A,-0.1636
2019/12/31,40,#N/A,0.0618,#N/A,0.1618,#N/A,#N/A,0.0418,#N/A,#N/A,#N/A,-0.1882,-0.0882,0.1918,#N/A,#N/A,#N/A,-0.0282,0.0618,0.0618,#N/A,0.3318,#N/A,#N/A,#N/A,#N/A,0.0618,0.4618,#N/A,#N/A,#N/A,#N/A,#N/A,#N/A,#N/A,#N/A,0.2618,#N/A,#N/A,0.1118,#N/A,#N/A,#N/A,0.0318,0.2118,0.0618,0.0618,#N/A,#N/A,-0.0382,#N/A,#N/A,#N/A,0.0118,#N/A,0.0618,#N/A,0.2118,#N/A,0.0618,-0.1382,#N/A,#N/A,#N/A,#N/A,#N/A,0.0118,#N/A,#N/A,#N/A,0.1618,#N/A,#N/A,#N/A,#N/A,#N/A,#N/A,#N/A,#N/A,#N/A,#N/A,0.2118,0.2118,0.0618,#N/A,#N/A,#N/A,#N/A,0.1618,-0.0582,0.5618,#N/A,#N/A,0.4618,0.3718,#N/A,#N/A,#N/A,#N/A,0.1818,#N/A,#N/A,0.2618,0.3118,#N/A,0.1118,0.0418,0.0118,0.0318,0.2118,-0.1382,-0.0382,#N/A,#N/A,#N/A,#N/A,0.1518,#N/A,#N/A,#N/A,#N/A,#N/A,-0.0382,#N/A,#N/A,#N/A,#N/A,#N/A,#N/A,#N/A,#N/A,#N/A,0.1118,0.2618,#N/A,0.4618,#N/A,#N/A,#N/A,0.0118,-0.0282,0.0618,#N/A,0.3118,-0.0582,#N/A,#N/A,#N/A,#N/A,#N/A,#N/A,0.0818,0.1118,#N/A,-0.0282,-0.0382,#N/A,0.0218,#N/A,#N/A,#N/A,0.0618
2019/11/29,41,#N/A,0.4308,#N/A,#N/A,#N/A,#N/A,0.1108,#N/A,#N/A,#N/A,0.2008,-0.0192,0.2508,#N/A,#N/A,#N/A,0.0708,#N/A,#N/A,#N/A,0.4008,#N/A,#N/A,0.3308,#N/A,0.1308,0.2308,#N/A,#N/A,0.1808,#N/A,#N/A,#N/A,#N/A,#N/A,0.2308,#N/A,#N/A,0.1708,#N/A,#N/A,#N/A,0.1708,0.2308,0.1308,#N/A,#N/A,#N/A,0.2308,#N/A,0.1308,#N/A,0.0608,#N/A,0.1008,#N/A,0.2808,#N/A,0.0808,#N/A,#N/A,0.1808,#N/A,#N/A,#N/A,0.3808,#N/A,#N/A,0.3308,0.1308,#N/A,#N/A,#N/A,#N/A,0.0808,#N/A,#N/A,#N/A,#N/A,#N/A,#N/A,0.2808,0.2808,#N/A,#N/A,#N/A,#N/A,0.2008,0.0808,#N/A,#N/A,#N/A,0.2808,0.4308,#N/A,#N/A,#N/A,#N/A,0.0708,#N/A,0.1208,0.2308,0.2808,#N/A,0.3908,0.0508,0.4008,0.1008,0.2308,0.0808,#N/A,0.2308,0.1808,#N/A,#N/A,0.1908,#N/A,#N/A,#N/A,#N/A,#N/A,0.0308,0.3308,#N/A,#N/A,#N/A,#N/A,#N/A,#N/A,#N/A,#N/A,#N/A,0.3308,#N/A,0.2308,0.1008,#N/A,#N/A,0.3508,0.0408,#N/A,#N/A,0.3608,0.0108,#N/A,#N/A,0.0308,#N/A,#N/A,#N/A,0.1708,0.1608,#N/A,0.0508,-0.0192,#N/A,0.0608,0.1208,#N/A,#N/A,0.1308
2019/10/31,42,#N/A,0.4379,#N/A,#N/A,#N/A,#N/A,0.3779,#N/A,#N/A,#N/A,0.2179,0.3379,0.3079,#N/A,#N/A,#N/A,0.3979,#N/A,0.2579,0.2879,0.4079,#N/A,#N/A,#N/A,#N/A,0.1879,0.4379,#N/A,#N/A,0.3379,#N/A,#N/A,#N/A,#N/A,#N/A,0.4379,#N/A,0.1879,0.5079,#N/A,#N/A,#N/A,0.4779,0.3179,0.1379,0.2079,#N/A,#N/A,0.2379,#N/A,#N/A,#N/A,0.0579,#N/A,0.3379,#N/A,0.2879,0.6379,#N/A,#N/A,#N/A,#N/A,#N/A,#N/A,#N/A,0.3879,0.4679,#N/A,#N/A,#N/A,#N/A,#N/A,#N/A,#N/A,0.4379,#N/A,#N/A,#N/A,#N/A,0.4379,#N/A,0.2379,0.1879,#N/A,#N/A,#N/A,#N/A,0.3679,0.1879,0.6879,#N/A,#N/A,0.3879,0.4279,#N/A,0.3979,#N/A,#N/A,0.3679,#N/A,#N/A,0.3379,0.3879,#N/A,0.4779,0.2679,0.3879,#N/A,0.4879,-0.1021,#N/A,0.2379,0.2979,#N/A,#N/A,0.3979,#N/A,#N/A,0.3779,#N/A,0.2779,0.0379,#N/A,-0.2121,#N/A,#N/A,#N/A,#N/A,#N/A,#N/A,#N/A,#N/A,0.3379,#N/A,0.5379,#N/A,#N/A,#N/A,0.2279,0.0879,#N/A,#N/A,0.3579,0.1479,#N/A,#N/A,0.2379,#N/A,#N/A,#N/A,#N/A,0.3879,#N/A,0.2679,0.1879,#N/A,0.3179,#N/A,#N/A,#N/A,0.2379
2019/9/30,43,#N/A,0.5477,#N/A,#N/A,#N/A,#N/A,0.4777,#N/A,#N/A,#N/A,0.3477,0.4477,0.3877,#N/A,#N/A,#N/A,0.4977,0.5177,0.2477,#N/A,0.1977,#N/A,#N/A,0.4877,#N/A,0.2477,0.3677,#N/A,#N/A,0.4177,#N/A,#N/A,#N/A,#N/A,#N/A,0.5477,#N/A,0.1977,0.5677,#N/A,#N/A,#N/A,0.5777,#N/A,0.2677,0.3477,#N/A,#N/A,#N/A,#N/A,0.4977,#N/A,0.1477,#N/A,0.4977,#N/A,0.2477,0.6477,#N/A,#N/A,#N/A,#N/A,#N/A,#N/A,#N/A,0.4977,#N/A,#N/A,0.3977,0.2477,#N/A,#N/A,#N/A,#N/A,#N/A,#N/A,#N/A,#N/A,#N/A,0.5977,#N/A,0.3477,0.2977,#N/A,#N/A,#N/A,#N/A,0.4677,0.2777,0.7477,#N/A,#N/A,0.6477,0.5277,#N/A,#N/A,#N/A,#N/A,0.4977,#N/A,#N/A,0.4477,0.5477,#N/A,0.5777,0.3977,0.4677,0.4477,0.5477,#N/A,0.1477,#N/A,0.3977,#N/A,#N/A,0.5477,#N/A,#N/A,#N/A,#N/A,#N/A,0.1477,#N/A,#N/A,#N/A,#N/A,#N/A,#N/A,#N/A,#N/A,#N/A,#N/A,0.4477,#N/A,0.6477,0.4477,#N/A,#N/A,0.3377,#N/A,#N/A,#N/A,0.4477,0.2577,0.5977,#N/A,0.2977,#N/A,#N/A,#N/A,0.3977,0.4477,#N/A,0.3977,#N/A,#N/A,0.4477,#N/A,#N/A,#N/A,#N/A
2019/8/30,44,#N/A,0.5343,#N/A,#N/A,#N/A,#N/A,0.3343,#N/A,#N/A,#N/A,0.0043,0.4543,0.3743,#N/A,#N/A,#N/A,0.4643,#N/A,0.3543,0.5543,0.2243,#N/A,#N/A,#N/A,#N/A,0.2543,0.3543,#N/A,#N/A,0.4043,#N/A,#N/A,#N/A,#N/A,#N/A,0.5543,#N/A,#N/A,0.5243,#N/A,#N/A,#N/A,0.3243,0.4743,0.2743,0.3743,#N/A,#N/A,0.3543,#N/A,0.5043,#N/A,0.0843,#N/A,0.3543,#N/A,0.2543,#N/A,#N/A,#N/A,#N/A,0.4143,#N/A,#N/A,#N/A,0.5043,0.4243,#N/A,0.2843,0.2543,#N/A,#N/A,#N/A,#N/A,0.3043,#N/A,#N/A,#N/A,#N/A,#N/A,#N/A,0.3543,0.3043,#N/A,#N/A,0.5043,#N/A,0.4643,0.2843,0.3943,#N/A,#N/A,#N/A,0.4743,#N/A,#N/A,#N/A,#N/A,0.4843,#N/A,0.4043,0.4543,0.5543,#N/A,0.6843,0.4343,0.4643,0.4343,0.5343,-0.0057,0.0843,0.3543,#N/A,#N/A,#N/A,0.5743,#N/A,#N/A,0.4743,#N/A,#N/A,0.1543,#N/A,-0.2457,#N/A,#N/A,#N/A,#N/A,#N/A,#N/A,0.4543,#N/A,0.4543,#N/A,0.6543,#N/A,#N/A,#N/A,0.3343,#N/A,#N/A,#N/A,0.4343,0.2343,0.6543,#N/A,#N/A,#N/A,#N/A,#N/A,0.3543,0.3143,#N/A,0.2843,#N/A,#N/A,0.1543,#N/A,#N/A,#N/A,0.3243
2019/7/31,45,#N/A,0.0833,#N/A,#N/A,#N/A,#N/A,0.0533,#N/A,#N/A,#N/A,#N/A,0.1833,0.0833,#N/A,#N/A,#N/A,0.1433,#N/A,-0.0167,#N/A,-0.1967,#N/A,#N/A,#N/A,#N/A,#N/A,0.1333,#N/A,#N/A,#N/A,#N/A,#N/A,#N/A,#N/A,#N/A,0.1833,#N/A,0.3833,0.2233,#N/A,#N/A,#N/A,-0.0067,0.2333,-0.0267,-0.1367,#N/A,#N/A,0.0833,#N/A,0.1333,#N/A,-0.2967,-0.2167,0.0333,#N/A,-0.0167,#N/A,#N/A,#N/A,#N/A,#N/A,#N/A,#N/A,#N/A,0.0833,0.1133,#N/A,#N/A,-0.0167,#N/A,#N/A,#N/A,#N/A,-0.0167,#N/A,#N/A,#N/A,0.0533,#N/A,#N/A,0.0833,-0.3167,#N/A,#N/A,#N/A,#N/A,-0.1167,-0.1367,0.0833,#N/A,#N/A,0.4333,0.1733,#N/A,0.2033,#N/A,#N/A,0.2033,#N/A,0.1233,0.1833,#N/A,#N/A,-0.1067,0.0833,0.1033,0.0833,0.2133,-0.2967,-0.1967,-0.1167,-0.0167,#N/A,#N/A,0.2733,#N/A,#N/A,0.1833,#N/A,#N/A,-0.1167,0.0133,-0.3667,#N/A,#N/A,#N/A,#N/A,#N/A,#N/A,#N/A,#N/A,0.1833,#N/A,0.2233,#N/A,#N/A,#N/A,0.0633,-0.2467,#N/A,#N/A,0.1533,-0.1967,#N/A,#N/A,#N/A,#N/A,#N/A,#N/A,0.0233,-0.1867,#N/A,0.0533,#N/A,#N/A,-0.1167,#N/A,#N/A,#N/A,#N/A
2019/6/28,46,#N/A,0.065,0.065,#N/A,#N/A,#N/A,0.015,-0.335,#N/A,-0.015,#N/A,-0.085,0.045,#N/A,#N/A,#N/A,-0.195,0.165,-0.185,#N/A,-0.235,#N/A,-0.185,-0.035,#N/A,-0.335,0.015,#N/A,#N/A,-0.095,0.565,#N/A,#N/A,#N/A,#N/A,0.065,#N/A,0.065,0.115,#N/A,#N/A,#N/A,-0.095,-0.135,-0.065,-0.135,#N/A,#N/A,-0.035,#N/A,0.015,#N/A,-0.335,#N/A,-0.085,#N/A,-0.135,-0.035,-0.085,#N/A,#N/A,0.035,#N/A,#N/A,#N/A,-0.235,#N/A,#N/A,-0.085,-0.035,#N/A,#N/A,#N/A,#N/A,-0.185,#N/A,#N/A,#N/A,#N/A,#N/A,#N/A,0.065,-0.335,#N/A,#N/A,#N/A,#N/A,-0.135,-0.245,0.015,#N/A,#N/A,0.365,#N/A,#N/A,0.165,#N/A,#N/A,-0.085,#N/A,0.065,0.065,#N/A,#N/A,-0.175,-0.115,-0.335,-0.085,0.065,#N/A,-0.235,-0.235,-0.035,#N/A,#N/A,0.125,#N/A,#N/A,#N/A,#N/A,#N/A,-0.385,#N/A,-0.385,#N/A,#N/A,#N/A,#N/A,#N/A,#N/A,-0.335,#N/A,0.265,#N/A,0.265,#N/A,#N/A,#N/A,-0.005,-0.235,#N/A,#N/A,0.115,-0.215,-0.035,#N/A,-0.085,#N/A,#N/A,#N/A,0.045,-0.195,#N/A,-0.135,#N/A,#N/A,-0.135,-0.105,#N/A,#N/A,-0.235
2019/5/31,47,#N/A,0.0827,#N/A,#N/A,#N/A,#N/A,0.0527,#N/A,#N/A,#N/A,#N/A,-0.0473,#N/A,#N/A,#N/A,#N/A,#N/A,#N/A,-0.2473,#N/A,-0.1773,#N/A,#N/A,#N/A,#N/A,-0.2973,0.1027,#N/A,#N/A,#N/A,#N/A,#N/A,-0.1473,#N/A,#N/A,0.1027,#N/A,-0.1973,#N/A,#N/A,#N/A,#N/A,#N/A,#N/A,0.0027,-0.0773,#N/A,#N/A,0.0027,#N/A,#N/A,#N/A,-0.2673,#N/A,-0.0473,#N/A,-0.0973,#N/A,0.0027,#N/A,#N/A,#N/A,#N/A,#N/A,#N/A,#N/A,0.1027,#N/A,-0.0473,#N/A,#N/A,#N/A,#N/A,#N/A,-0.1473,#N/A,#N/A,#N/A,#N/A,#N/A,#N/A,0.0027,-0.1973,#N/A,#N/A,#N/A,#N/A,#N/A,-0.2173,#N/A,#N/A,#N/A,0.2027,#N/A,#N/A,#N/A,-0.0773,#N/A,-0.0773,#N/A,0.1027,0.0027,0.2027,#N/A,-0.1373,-0.1273,#N/A,-0.0573,0.0927,-0.2973,-0.3573,#N/A,-0.0173,#N/A,#N/A,0.0727,#N/A,#N/A,#N/A,#N/A,#N/A,-0.3473,#N/A,-0.3473,#N/A,#N/A,#N/A,#N/A,#N/A,#N/A,#N/A,#N/A,#N/A,#N/A,0.2027,#N/A,#N/A,-0.0473,#N/A,-0.1773,#N/A,#N/A,#N/A,-0.1773,-0.0473,#N/A,#N/A,#N/A,#N/A,-0.2973,-0.0773,-0.1373,#N/A,-0.1673,#N/A,#N/A,-0.1973,#N/A,#N/A,#N/A,-0.1973
2019/4/30,48,#N/A,0.0347,#N/A,#N/A,#N/A,#N/A,-0.1153,#N/A,#N/A,#N/A,-0.2153,-0.2153,-0.0953,#N/A,#N/A,#N/A,-0.2653,-0.2153,-0.3953,#N/A,-0.3353,#N/A,#N/A,#N/A,#N/A,-0.4653,-0.0653,#N/A,#N/A,#N/A,#N/A,#N/A,-0.4653,#N/A,#N/A,0.0347,#N/A,-0.4653,-0.1253,#N/A,#N/A,#N/A,-0.2253,#N/A,-0.1353,-0.2853,#N/A,#N/A,0.0347,#N/A,-0.2653,#N/A,#N/A,-0.3653,-0.2653,#N/A,-0.2653,-0.3653,#N/A,#N/A,#N/A,#N/A,#N/A,#N/A,#N/A,-0.3653,0.1647,#N/A,#N/A,-0.1153,#N/A,#N/A,#N/A,#N/A,#N/A,#N/A,#N/A,#N/A,#N/A,#N/A,#N/A,-0.1653,-0.4653,#N/A,#N/A,#N/A,#N/A,-0.3753,-0.3753,-0.1553,#N/A,#N/A,0.0847,-0.1053,#N/A,0.0447,#N/A,#N/A,-0.2853,#N/A,-0.0453,-0.1153,#N/A,#N/A,0.2847,-0.3153,-0.4153,#N/A,-0.1253,-0.0653,-0.2953,-0.5653,-0.2053,#N/A,#N/A,-0.3453,#N/A,#N/A,#N/A,#N/A,#N/A,-0.2153,#N/A,#N/A,-0.1453,#N/A,#N/A,#N/A,#N/A,#N/A,#N/A,#N/A,-0.0653,#N/A,0.0347,#N/A,#N/A,-0.0653,-0.1153,-0.2053,#N/A,#N/A,-0.2753,-0.3953,-0.5653,#N/A,-0.2653,#N/A,#N/A,#N/A,#N/A,-0.1353,#N/A,-0.2953,#N/A,#N/A,-0.2353,#N/A,#N/A,#N/A,-0.2653
2019/3/29,49,#N/A,0.0112,#N/A,#N/A,#N/A,#N/A,-0.1388,#N/A,#N/A,#N/A,-0.2388,-0.2388,-0.1188,#N/A,#N/A,#N/A,-0.2888,-0.2388,-0.4188,#N/A,-0.3588,#N/A,#N/A,#N/A,#N/A,-0.4888,-0.0888,#N/A,#N/A,#N/A,#N/A,#N/A,-0.4888,#N/A,#N/A,0.0112,#N/A,-0.4888,-0.1488,#N/A,#N/A,#N/A,-0.2488,#N/A,-0.1588,-0.3088,#N/A,#N/A,0.0112,#N/A,-0.2888,#N/A,#N/A,-0.3888,-0.2888,#N/A,-0.2888,-0.3888,#N/A,#N/A,#N/A,#N/A,#N/A,#N/A,#N/A,-0.3888,0.1412,#N/A,#N/A,-0.1388,#N/A,#N/A,#N/A,#N/A,#N/A,#N/A,#N/A,#N/A,#N/A,#N/A,#N/A,-0.1888,-0.4888,#N/A,#N/A,#N/A,#N/A,-0.3988,-0.3988,-0.1788,#N/A,#N/A,0.0612,-0.1288,#N/A,0.0212,#N/A,#N/A,-0.3088,#N/A,-0.0688,-0.1388,#N/A,#N/A,0.2612,#N/A,-0.4388,#N/A,-0.1488,-0.0888,-0.3188,-0.5888,-0.2288,#N/A,#N/A,#N/A,#N/A,#N/A,#N/A,#N/A,#N/A,-0.2388,#N/A,#N/A,-0.1688,#N/A,#N/A,#N/A,#N/A,#N/A,#N/A,#N/A,-0.0888,#N/A,0.0112,#N/A,#N/A,-0.0888,-0.1388,-0.2288,#N/A,#N/A,-0.2988,-0.4188,-0.5888,#N/A,-0.2888,#N/A,#N/A,#N/A,#N/A,-0.1588,#N/A,-0.3188,#N/A,#N/A,-0.2588,#N/A,#N/A,#N/A,-0.2888
2019/2/28,50,#N/A,#N/A,-0.1588,#N/A,#N/A,#N/A,0.0212,#N/A,#N/A,#N/A,#N/A,#N/A,0.0212,#N/A,#N/A,#N/A,-0.1788,-0.2588,#N/A,#N/A,-0.2388,#N/A,#N/A,0.1112,#N/A,-0.1088,#N/A,#N/A,#N/A,-0.2588,#N/A,#N/A,-0.2588,#N/A,#N/A,-0.0088,#N/A,#N/A,#N/A,#N/A,#N/A,#N/A,-0.2188,-0.1588,-0.1588,-0.2888,#N/A,#N/A,-0.0088,#N/A,-0.3088,#N/A,-0.1888,#N/A,-0.2588,#N/A,-0.2588,#N/A,#N/A,#N/A,#N/A,#N/A,#N/A,#N/A,#N/A,-0.4088,0.0212,#N/A,#N/A,-0.1588,#N/A,#N/A,#N/A,#N/A,-0.2588,#N/A,#N/A,#N/A,#N/A,#N/A,#N/A,-0.2088,-0.3088,#N/A,#N/A,#N/A,#N/A,-0.1788,-0.1488,#N/A,#N/A,#N/A,0.2912,#N/A,#N/A,#N/A,#N/A,#N/A,-0.0088,#N/A,#N/A,0.0912,#N/A,#N/A,0.1812,-0.2888,-0.0288,-0.2088,-0.1288,#N/A,#N/A,-0.5088,-0.1088,#N/A,#N/A,-0.1288,#N/A,#N/A,#N/A,#N/A,#N/A,-0.2588,#N/A,-0.5088,-0.0788,#N/A,#N/A,#N/A,#N/A,#N/A,#N/A,#N/A,0.2912,#N/A,0.2912,#N/A,#N/A,-0.0088,0.1212,#N/A,#N/A,#N/A,-0.2588,-0.0588,#N/A,#N/A,#N/A,#N/A,#N/A,#N/A,#N/A,-0.1588,#N/A,#N/A,#N/A,#N/A,-0.1588,#N/A,#N/A,#N/A,-0.2388
2019/1/31,51,#N/A,#N/A,-0.1542,#N/A,#N/A,#N/A,0.1558,#N/A,#N/A,-0.1042,#N/A,-0.0042,0.1058,#N/A,#N/A,#N/A,-0.1842,0.2258,-0.3542,#N/A,-0.2342,#N/A,#N/A,0.1958,#N/A,-0.1042,#N/A,#N/A,#N/A,-0.1542,#N/A,#N/A,#N/A,#N/A,#N/A,-0.0042,#N/A,-0.3042,#N/A,#N/A,#N/A,#N/A,0.0858,-0.1542,-0.1042,0.0158,#N/A,#N/A,-0.0042,#N/A,0.0458,#N/A,-0.1842,#N/A,-0.2542,#N/A,-0.2042,#N/A,#N/A,#N/A,#N/A,#N/A,#N/A,#N/A,#N/A,-0.4042,#N/A,#N/A,-0.0042,#N/A,#N/A,#N/A,#N/A,#N/A,-0.1542,#N/A,#N/A,#N/A,#N/A,0.0458,#N/A,-0.2042,-0.3042,#N/A,#N/A,#N/A,#N/A,0.0758,-0.1842,-0.0042,#N/A,#N/A,0.0958,#N/A,#N/A,0.1658,-0.2042,#N/A,-0.0042,#N/A,0.0758,0.0958,#N/A,#N/A,0.1458,-0.3042,-0.0342,0.0458,-0.1942,-0.1042,0.1858,-0.5042,#N/A,#N/A,#N/A,-0.0542,#N/A,#N/A,#N/A,#N/A,#N/A,-0.2542,0.0958,-0.1042,#N/A,#N/A,#N/A,#N/A,#N/A,#N/A,-0.3042,#N/A,0.0958,#N/A,0.2458,#N/A,#N/A,-0.0042,#N/A,0.2158,0.0958,#N/A,0.1258,#N/A,-0.5042,#N/A,#N/A,#N/A,#N/A,#N/A,#N/A,-0.1542,#N/A,-0.2742,#N/A,#N/A,-0.0042,#N/A,#N/A,#N/A,-0.1042
2018/12/31,52,#N/A,0.3755,0.1755,#N/A,#N/A,#N/A,0.3255,0.4755,#N/A,0.1455,0.2755,0.2255,0.4255,#N/A,#N/A,#N/A,0.1555,0.4755,#N/A,#N/A,0.0755,#N/A,#N/A,0.5755,#N/A,0.4755,#N/A,#N/A,0.2955,#N/A,#N/A,#N/A,#N/A,#N/A,#N/A,0.3755,#N/A,#N/A,#N/A,#N/A,#N/A,#N/A,0.4855,#N/A,0.0755,0.2255,#N/A,#N/A,#N/A,#N/A,0.2255,#N/A,0.1755,#N/A,0.3255,0.0755,0.0755,#N/A,#N/A,#N/A,#N/A,#N/A,#N/A,#N/A,#N/A,#N/A,0.3255,#N/A,#N/A,0.3755,#N/A,#N/A,#N/A,#N/A,0.0755,#N/A,#N/A,#N/A,#N/A,#N/A,#N/A,0.2755,-0.1245,#N/A,#N/A,#N/A,#N/A,0.4255,0.1755,0.2755,#N/A,#N/A,0.3755,#N/A,#N/A,#N/A,-0.0245,#N/A,0.1555,#N/A,0.3255,#N/A,#N/A,#N/A,0.2755,0.1255,0.4755,0.2255,0.3955,0.0755,0.5555,0.4755,0.3755,#N/A,#N/A,0.1855,#N/A,#N/A,0.2955,#N/A,#N/A,0.1255,#N/A,0.0755,#N/A,0.0755,#N/A,#N/A,#N/A,#N/A,-0.0245,#N/A,0.4255,#N/A,0.5755,#N/A,#N/A,0.2755,0.6755,0.4055,#N/A,#N/A,0.6955,0.4755,#N/A,#N/A,#N/A,#N/A,#N/A,#N/A,#N/A,0.5055,#N/A,0.4255,#N/A,#N/A,0.4655,#N/A,#N/A,#N/A,0.0755
2018/11/30,53,#N/A,0.4558,#N/A,#N/A,#N/A,#N/A,0.5958,#N/A,#N/A,#N/A,0.6858,0.5558,0.5158,#N/A,#N/A,#N/A,0.7058,0.5558,0.5058,#N/A,0.1858,#N/A,#N/A,#N/A,#N/A,#N/A,#N/A,#N/A,#N/A,0.5058,#N/A,#N/A,0.4558,#N/A,#N/A,0.6058,#N/A,0.2558,0.9258,#N/A,#N/A,#N/A,0.5558,0.4558,0.3758,0.6358,#N/A,#N/A,0.6058,#N/A,0.6558,#N/A,#N/A,#N/A,0.6058,#N/A,0.3558,0.3558,#N/A,#N/A,#N/A,#N/A,#N/A,#N/A,#N/A,#N/A,#N/A,#N/A,#N/A,0.4558,#N/A,#N/A,#N/A,#N/A,0.4058,#N/A,#N/A,#N/A,#N/A,0.4558,#N/A,#N/A,#N/A,#N/A,#N/A,#N/A,#N/A,0.6658,0.5158,0.5058,#N/A,#N/A,#N/A,0.2558,#N/A,0.5158,#N/A,#N/A,#N/A,#N/A,#N/A,0.5558,#N/A,#N/A,0.6858,0.4858,0.7558,0.5958,0.5958,#N/A,0.6458,0.5758,0.5458,#N/A,#N/A,0.5358,#N/A,#N/A,#N/A,#N/A,#N/A,0.5058,#N/A,#N/A,#N/A,#N/A,#N/A,#N/A,#N/A,#N/A,0.7558,#N/A,0.6558,#N/A,0.7058,#N/A,#N/A,0.4558,0.7458,0.5058,#N/A,#N/A,0.7558,0.6558,0.3058,#N/A,#N/A,#N/A,#N/A,#N/A,#N/A,0.7558,#N/A,#N/A,#N/A,#N/A,0.6958,0.4758,#N/A,#N/A,0.5558
2018/10/31,54,#N/A,#N/A,0.7237,#N/A,#N/A,#N/A,0.7137,#N/A,#N/A,#N/A,#N/A,0.5237,0.5437,#N/A,#N/A,#N/A,0.7237,0.8237,0.6737,0.5737,0.2437,#N/A,#N/A,#N/A,#N/A,0.5737,0.6037,#N/A,#N/A,0.6537,#N/A,#N/A,#N/A,#N/A,#N/A,0.6737,#N/A,0.3737,#N/A,#N/A,#N/A,#N/A,0.5637,0.5237,0.3737,#N/A,#N/A,#N/A,0.6737,#N/A,0.6737,#N/A,0.4437,#N/A,0.5737,#N/A,0.5737,#N/A,#N/A,#N/A,#N/A,#N/A,#N/A,#N/A,#N/A,0.7237,0.3737,#N/A,#N/A,0.4737,#N/A,#N/A,#N/A,#N/A,0.4737,#N/A,#N/A,#N/A,#N/A,0.4737,#N/A,0.4737,0.6437,#N/A,#N/A,#N/A,#N/A,0.7137,0.6937,0.5737,#N/A,#N/A,#N/A,0.2737,#N/A,0.5437,0.4737,#N/A,0.8037,#N/A,#N/A,#N/A,#N/A,#N/A,0.6737,0.5537,#N/A,0.6937,0.7237,0.6737,0.6737,0.6237,0.6437,#N/A,#N/A,0.5837,#N/A,#N/A,0.4937,#N/A,#N/A,0.5237,#N/A,#N/A,#N/A,0.5537,#N/A,#N/A,#N/A,#N/A,0.5737,#N/A,0.6737,#N/A,0.6937,#N/A,#N/A,0.4737,#N/A,0.5537,0.7737,#N/A,0.7737,0.6737,0.3737,#N/A,0.6037,#N/A,#N/A,#N/A,#N/A,0.7437,#N/A,#N/A,0.6237,#N/A,0.7337,0.5037,#N/A,#N/A,0.5737